[{"model": "blogs.article", "pk": 15, "fields": {"heading": "First USA-Ireland ODI cancelled after COVID case", "text": "The first One-Day International between the USA and Ireland scheduled for Boxing Day on December 26 has been cancelled due to a positive case of COVID-19 in the umpiring team. A net bowler not part of the squad has also tested positive from the USA camp, Cricbuzz understands.\r\n\r\nThis has resulted in no official being available for the first ODI with three out of the four testing negative, but having been in close contact with the positive case has ruled them out of the clash too.\r\n\r\n\"Cricket Ireland will continue to work closely with USA Cricket, alongside the ICC, to ensure the remainder of the series can continue, if safe to do so,\" a USA Cricket release said on Saturday (December 25).\r\n\"The pace and bounce in the pitches here are very different from any other country. That's why I felt it was important that we came here early and adjusted to the pitches here. We've had a great week of preparation. We've had match simulations and tried to get used to the conditions. The pitches here can be challenging because of the tennis-ball bounce. We've played in Australia where the pitches are fast and bouncy, but here it can be a bit spongy and then it starts to quicken up.\"\r\n\r\nRahul played a key role in India going up 2-1 in England before the series was stopped because of the COVID-19 cases in the camp. He was the second-highest run-getter for the side with 315 runs from eight innings behind Rohit Sharma. And while Rahul stressed the vice-captaincy won't have any impact on his batting, his aim stays the same as England. \"I've tried to play close to the body and leave a lot of balls outside the off stump, see off the new ball, which is the most important thing,\" he said. \"We've seen historically that the new ball plays a big part. If we can play off the new ball and not give any wickets in the 25-30 overs, my focus now is play really tight.\"", "short_text": "The first One-Day International between the USA and Ireland scheduled for Boxing Day on December 26 has been cancelled due to a positive case of COVID-19 in the", "pub_date": "2021-12-26T01:58:36Z", "pub_author": "Shubham Aggarwal", "image": "media/01_VEFUXc8.jfif", "time": "159 days ago"}}, {"model": "blogs.article", "pk": 17, "fields": {"heading": "Shadab Khan signs with Sydney Sixers for remainder of BBL 2021-22", "text": "Sydney Sixers have signed ace Pakistan legspinner for the remainder of the 2021-22 Big Bash League season. Shadab's signing will be a significant boost to the defending champions, who despite being placed second in the standings, have been hit hard by a slew of injuries.\r\n\r\nIn the spin department, the Sixers have lost offspinner Ben Manenti for the season after he suffered a neck injury while left-arm spinner Steve O'Keefe has been sidelined with a calf strain. The Sixers also lost Tom Curran to a back injury while Chris Jordan's five-game tenure has ended.\r\n\r\nShadab, who has 197 wickets from 175 T20s at an economy of 7.18, was in excellent form at the T20 World Cup recently, claiming nine wickets from six games in Pakistan's impressive run to the semifinals. The 23-year-old is also an able batter and has been used in pinch-hitting roles at the Pakistan Super League.\r\n\"The pace and bounce in the pitches here are very different from any other country. That's why I felt it was important that we came here early and adjusted to the pitches here. We've had a great week of preparation. We've had match simulations and tried to get used to the conditions. The pitches here can be challenging because of the tennis-ball bounce. We've played in Australia where the pitches are fast and bouncy, but here it can be a bit spongy and then it starts to quicken up.\"\r\n\r\nRahul played a key role in India going up 2-1 in England before the series was stopped because of the COVID-19 cases in the camp. He was the second-highest run-getter for the side with 315 runs from eight innings behind Rohit Sharma. And while Rahul stressed the vice-captaincy won't have any impact on his batting, his aim stays the same as England. \"I've tried to play close to the body and leave a lot of balls outside the off stump, see off the new ball, which is the most important thing,\" he said. \"We've seen historically that the new ball plays a big part. If we can play off the new ball and not give any wickets in the 25-30 overs, my focus now is play really tight.\"\"The pace and bounce in the pitches here are very different from any other country. That's why I felt it was important that we came here early and adjusted to the pitches here. We've had a great week of preparation. We've had match simulations and tried to get used to the conditions. The pitches here can be challenging because of the tennis-ball bounce. We've played in Australia where the pitches are fast and bouncy, but here it can be a bit spongy and then it starts to quicken up.\"\r\n\r\nRahul played a key role in India going up 2-1 in England before the series was stopped because of the COVID-19 cases in the camp. He was the second-highest run-getter for the side with 315 runs from eight innings behind Rohit Sharma. And while Rahul stressed the vice-captaincy won't have any impact on his batting, his aim stays the same as England. \"I've tried to play close to the body and leave a lot of balls outside the off stump, see off the new ball, which is the most important thing,\" he said. \"We've seen historically that the new ball plays a big part. If we can play off the new ball and not give any wickets in the 25-30 overs, my focus now is play really tight.\"", "short_text": "Sydney Sixers have signed ace Pakistan legspinner for the remainder of the 2021-22 Big Bash League season. Shadab's signing will be a significant boost to the d", "pub_date": "2021-12-26T02:00:09Z", "pub_author": "Rahul Singh", "image": "media/01_i58LPZc.jfif", "time": "159 days ago"}}, {"model": "blogs.article", "pk": 18, "fields": {"heading": "Failures of the past motivation to do better, says KL Rahul", "text": "India's poor record in South Africa - where the team has won only three Tests out of 20 and have never registered a series win - will be the key motivating factor this time around feels the vice-captain for the series KL Rahul. India lost the opening two Tests in 2018 but registered a memorable win in Johannesburg in the last Test end the tour 2-1.\r\n\r\n\"It's a huge series,\" started Rahul. \"As a team, we've always taken overseas series as a challenge. A lot has been said and written about India not winning series overseas which we've worked really hard towards. We've won series in England and Australia, which gives us a lot of confidence. We haven't won a series in South Africa so that gives us the extra motivation to go out there and try and learn from the mistakes from the past tours.\r\n\"The pace and bounce in the pitches here are very different from any other country. That's why I felt it was important that we came here early and adjusted to the pitches here. We've had a great week of preparation. We've had match simulations and tried to get used to the conditions. The pitches here can be challenging because of the tennis-ball bounce. We've played in Australia where the pitches are fast and bouncy, but here it can be a bit spongy and then it starts to quicken up.\"\r\n\r\nRahul played a key role in India going up 2-1 in England before the series was stopped because of the COVID-19 cases in the camp. He was the second-highest run-getter for the side with 315 runs from eight innings behind Rohit Sharma. And while Rahul stressed the vice-captaincy won't have any impact on his batting, his aim stays the same as England. \"I've tried to play close to the body and leave a lot of balls outside the off stump, see off the new ball, which is the most important thing,\" he said. \"We've seen historically that the new ball plays a big part. If we can play off the new ball and not give any wickets in the 25-30 overs, my focus now is play really tight.\"\r\n\r\n\"The discussion so far has only been about the first Test. We are not thinking too far ahead. The first Test of the series is the most important and all our focus has been to try and do well in the first game.\"", "short_text": "India's poor record in South Africa - where the team has won only three Tests out of 20 and have never registered a series win - will be the key motivating fact", "pub_date": "2021-12-26T02:00:46Z", "pub_author": "Naman Bansal", "image": "media/download_5_giUDTBt.jfif", "time": "159 days ago"}}, {"model": "blogs.article", "pk": 24, "fields": {"heading": "Team director backs Shakib to lead Bangladesh in Tests", "text": "Khaled Mahmud, Bangladesh team director, has backed Shakib Al Hasan to lead the Test squad brushing aside all kinds of doubts regarding his love for the longer-format of the game.\r\n\r\nShakib is the front runner in the race for the next Test captain after the post went vacant as Mominul Haque decided to step down following his lean patch with the bat in order to concentrate on his game.\r\n\r\nMahmud also cleared the air about Shakib's intention as far as playing Test cricket is concerned claiming that he is enjoying playing the longer-format and wants to continue with it. The announcement came on Wednesday at the Sher-e-Bangla National Stadium hours after Cricbuzz reported that BCB president Nazmul Hasan is skeptical about re-appointing Shakib considering they are not sure about his availability.\r\nSince Shakib revealed that he was unsure of continuing to play all three formats, his Test future has come under scrutiny and it was learnt that that the ace all-rounder hinted to some BCB high-ups that he is keen on picking and choosing long-format assignments.\r\n\r\nHowever, it's been learnt now that he has changed his mind recently and wants to play across formats after agreeing to make him available following a meeting with the board. The BCB managed to change his mind and send him to South Africa after he had initially declined to tour.\r\n\r\nSince the South African tour in 2017-18, Shakib has featured in only 10 of the 31 Tests Bangladesh have played. He missed the last South Africa series citing personal reasons. Last year he missed the series against Sri Lanka due to IPL commitments and most recently sat out of the tour of New Zealand.", "short_text": "Khaled Mahmud, Bangladesh team director, has backed Shakib Al Hasan to lead the Test squad brushing aside all kinds of doubts regarding his love for the longer-", "pub_date": "2022-06-02T06:04:24Z", "pub_author": "Virat Singh", "image": "media/kbn7tvqg_shakib-al-hasan_625x300_21_October_19_GSNiZbZ.jpg", "time": "1 day ago "}}, {"model": "blogs.article", "pk": 25, "fields": {"heading": "CWI confirms India's US games", "text": "Cricket West Indies (CWI) has confirmed a Cricbuzz report that India will play a couple of Twenty20 games in the US. In an elaborate statement issued on Wednesday (June 1), the CWI said, \"The eight-match India white ball tour concludes with an exciting weekend of back-to-back T20I fixtures at the Broward County Cricket Stadium in Lauderhill, Florida from August 6 and 7.\" Cricbuzz reported on March 31 about India playing two games in Florida.\r\n\r\nAs also reported by Cricbuzz on May 6, the tour will start on July 22 in Trinidad and Tobago with three ODIs from July 22 to 27 at Queen's Park Oval, Port of Spain, followed by five T20Is in three separate venues. \"The first T20I on Friday, July 29 will be historic as the first ever Men's T20I to be played at the Brian Lara Cricket Academy in the south of Trinidad. The venue for the back-to-back second and third T20I matches is Warner Park, St Kitts, coinciding with Emancipation Day and Culturama holiday celebrations there,\" the CWI said.\r\n\r\nIt was not easy for the CWI to pull off the US games given the internal issues in USA Cricket. The release of the schedule was delayed because of the late permissions from the US over hosting the games in Lauderhill, Florida.\r\n\"We know our supporters will be delighted with the news that the matches are being played all across the region as well as those living in the USA will be able to see their favourite players in action,\" said Johnny Grave, CEO of CWI. The Indian team will travel to the West Indies directly from England in July third week, by when they will have played a Test, T20Is and as many ODIs.\r\n\r\nThe CWI has also released the summer of schedule of the West Indies team, which will also host Bangladesh and New Zealand.\r\n\r\nBangladesh and NZ teams to visit too\r\n\r\nBangladesh will tour the Caribbean from June 16 to July 16 and will face the West Indies in two Tests in Antigua and St Lucia, both part of the ICC World Test Championship. The Test series will be followed by three T20Is and three ODIs in Dominica and Guyana.", "short_text": "Cricket West Indies (CWI) has confirmed a Cricbuzz report that India will play a couple of Twenty20 games in the US. In an elaborate statement issued on Wednesd", "pub_date": "2022-06-02T06:05:27Z", "pub_author": "Virat Singh", "image": "media/Team-India-2.jpg", "time": "1 day ago "}}, {"model": "blogs.article", "pk": 26, "fields": {"heading": "England confirm Potts debut for Lord's Test", "text": "Matthew Potts will debut in the season opening Lord's Test against New Zealand starting on Thursday (June 2). The 23-year-old Durham seamer, who will become the 704th capped player for England in Test cricket, has been picked ahead of Craig Overton and joins a seam attack that sees the return of James Anderson and Stuart Broad.\r\n\r\nPotts's England breakthrough comes on the back of an impressive start to the County Championship, where he has taken 35 wickets from six games so far. He's also a beneficiary of the ongoing injury crisis in the England setup that sees a host of fast bowlers including Jofra Archer, Mark Wood, Saqib Mahmood, Olly Stone, Chris Woakes and Matt Fisher among those currently sidelined.\r\n\r\nMeanwhile, Ben Stokes first-11 as full-time Test captain will see Jonny Bairstow slotted in at No.5. That means in-form Yorkshire batter Harry Brook will have to wait for his chance despite having scored 840 runs at an average of 140 in this season.\r\nEngland currently sit bottom of the World Test Championship standing and are currently on a wretched run of form that has seen them win just two of their last 15 Test matches.", "short_text": "Matthew Potts will debut in the season opening Lord's Test against New Zealand starting on Thursday (June 2). The 23-year-old Durham seamer, who will become the", "pub_date": "2022-06-02T06:06:01Z", "pub_author": "Shubham Aggarwal", "image": "media/broad-anderson-return-debut-for-matthew-potts.jpg", "time": "1 day ago "}}, {"model": "blogs.article", "pk": 27, "fields": {"heading": "Hasaranga, Rajapaksa return for Australia T20Is", "text": "Legspinner Wanindu Hasaranga and wicketkeeper-bat Bhanuka Rajapaksa have returned to Sri Lanka's T20I squad for the upcoming three-match series at home against Australia, starting June 7. Hasaranga was initially picked for the tour of India earlier this year - their last international assignment - but missed the T20Is due to covid, while Rajapaksa had been left out due to fitness concerns.\r\n\r\nT20I squad: Dasun Shanaka (C), Pathum Nissanka, Danushka Gunathilaka, Kusal Mendis, Charith Asalanka, Bhanuka Rajapaksa, Nuwanidu Fernando, Lahiru Madushanka, Wanindu Hasaranga, Chamika Karunaratne, Dushmantha Chameera, Kasun Rajitha, Nuwan Thushara, Matheesha Pathirana, Ramesh Mendis, Maheesh Theekshana, Praveen Jayawickrama, Lakshan Sandakan\r\nThe duo, however, comes back with strong IPL performances in tow. Hasaranga, who missed out on the Purple Cap by just one wicket, finished with 26 scalps in a breakout IPL debut season with Royal Challengers Bangalore. He last played a T20I for Sri Lanka on their trip Down Under in February, and picked five wickets in two outings, before missing the India tour.\r\nRajapaksa, meanwhile, replaces veteran wicketkeeper Dinesh Chandimal in the squad, who has been dropped following ordinary returns on successive white-ball tours of Australia and India. He aggregated only 61 runs in four T20Is in Australia before being dropped for the final game, and in India, he made 41 in three innings with a best of 22. Along with Chandimal, Dhananjaya de Silva and Lahiru Kumara have also been dropped, while the pair of Niroshan Dickwella and leggie Jeffrey Vandersay have been picked as stand-by players for the series.\r\n\r\nDespite losing his spot in the XI upon Jonny Bairstow's arrival, Rajapaksa accumulated 209 runs in nine games he got for PBKS at a strike-rate just a shade below 160, often chipping in vital cameos at one-drop. His last appearance for Sri Lanka in the shortest format was in the 2021 Men's T20 World Cup fixture against West Indies in UAE, which they won against the two-time champions by 20 runs.\r\n\r\nSri Lanka have selected 19-year-old pace sensation Matheesha Pathirana, who recently received high praise from MS Dhoni in the IPL. Pathirana, who impressed at the U-19 World Cup and has a similarly slingy bowling action to Lasith Malinga was roped in by CSK as a replacement for Adam Milne. The right-arm quick featured in two fixtures for the team, and has already been earmarked as an important bowler for next season.", "short_text": "Legspinner Wanindu Hasaranga and wicketkeeper-bat Bhanuka Rajapaksa have returned to Sri Lanka's T20I squad for the upcoming three-match series at home against", "pub_date": "2022-06-02T06:06:52Z", "pub_author": "Shubham Aggarwal", "image": "media/Wanindu-Hasaranga.jpg", "time": "1 day ago "}}, {"model": "blogs.article", "pk": 28, "fields": {"heading": "Andrew McDonald tests positive for Covid19, stays back in Australia", "text": "Australia's head coach Andrew McDonald was forced to stay back on the day of the team's departure for the tour of Sri Lanka following a positive COVID-19 test.\r\n\r\nMcDonald, who succeeded Justin Langer recently, returned a positive result on Tuesday afternoon, barely hours ahead of leaving for his first assignment as full-time coach with the team as Australia tour Sri Lanka for the first time in six years.\r\n\r\nMcDonald, who was interim head coach on the team's successful tour of Pakistan earlier this year, will remain in Melbourne under isolation for seven days, Cricket Australia said. In his absence, assistant coach Michael Di Venuto will helm the squad for the start of the T20I series, on June 7. Subject to clearing further COVID testing, McDonald is expected to link up with the team in Colombo ahead of the second T20I, the following day.\r\nAustralia's head coach Andrew McDonald was forced to stay back on the day of the team's departure for the tour of Sri Lanka following a positive COVID-19 test.\r\n\r\nMcDonald, who succeeded Justin Langer recently, returned a positive result on Tuesday afternoon, barely hours ahead of leaving for his first assignment as full-time coach with the team as Australia tour Sri Lanka for the first time in six years.\r\n\r\nMcDonald, who was interim head coach on the team's successful tour of Pakistan earlier this year, will remain in Melbourne under isolation for seven days, Cricket Australia said. In his absence, assistant coach Michael Di Venuto will helm the squad for the start of the T20I series, on June 7. Subject to clearing further COVID testing, McDonald is expected to link up with the team in Colombo ahead of the second T20I, the following day.", "short_text": "Australia's head coach Andrew McDonald was forced to stay back on the day of the team's departure for the tour of Sri Lanka following a positive COVID-19 test.", "pub_date": "2022-06-02T06:07:13Z", "pub_author": "Virat Singh", "image": "media/download_1.jpg", "time": "1 day ago "}}, {"model": "blogs.article", "pk": 29, "fields": {"heading": "Australia tour of Sri Lanka to go ahead as scheduled despite covid cases", "text": "After weeks of speculation and uncertainty, the Australian team will be landing in Sri Lanka on Wednesday (June 1) and the tour will go ahead as planned. Sri Lanka Cricket (SLC) also confirmed that the white ball games - three T20Is and five ODIs - starting on June 7, will be played under lights.\r\n\r\n\"There is no disruption in the schedule and the white ball games will be night or day-night affairs,\" SLC secretary Mohan de Silva told Cricbuzz on Tuesday. The assertion comes at a time when the country is suffering from shortage of food, fuel and power. Besides those games, the teams will also play two Tests and the tour concludes on July 12.\r\n\r\nThere have been reports in Australia that players were reluctant to tour Sri Lanka on moral grounds if not for security concerns, because of the situation in the island. But Cricket Australia (CA) said the Australian teams are looking forward to the tour which starts with a T20I series.\r\n\r\n\"We've been keeping in regular contact with the governments of both countries and SLC and all is good and there are no changes to the plans. The T20 squad is leaving Australia tomorrow afternoon. They're looking forward to the tour, with the three T20 games an important part of the build-up to the ICC World Cup in Australia in October-November. The squad has great respect for the Sri Lanka team and are anticipating a hard-fought and exciting series,\" a spokesman for the CA told this website.\r\n\r\nThe series is important for some members of the Australian coaching staff - head coach Andrew McDonald, assistant coaches Daniel Vettori and Andre Borovec. Although McDonald and Vettori had travelled with the side to Pakistan earlier in March but it will be their first series after they were confirmed as full time coaches.", "short_text": "After weeks of speculation and uncertainty, the Australian team will be landing in Sri Lanka on Wednesday (June 1) and the tour will go ahead as planned. Sri La", "pub_date": "2022-06-02T06:08:01Z", "pub_author": "Shubham Aggarwal", "image": "media/download_N6UddLJ.jpg", "time": "1 day ago "}}, {"model": "blogs.article", "pk": 30, "fields": {"heading": "BCB chief sceptical of re-appointing Shakib as Test captain", "text": "Bangladesh Cricket Board president Nazmul Hasan is sceptical about re-appointing Shakib Al Hasan as the next Test captain. The veteran all-rounder is the front runner to replace Mominul Haque with the incumbent captain opting to step down from his post in order to focus on his batting.\r\n\r\nNazmul, who is expected to hold a board meeting on June 2 to make a decision in this regard, told Cricbuzz on Tuesday (May 31) that the board needed to sit with the all-rounder to know whether he is available or not for the longer format given he's been fairly non committal about his long term plans in the format. He's also missed several games for the team in the last few seasons.\r\n\r\nShakib made a comeback to Test cricket with the just concluded two-match Test series against Sri Lanka as he was unavailable since the Pakistan series. \"Shakib can be a skipper in any format. But we need to know whether he will play or not (Test cricket regularly),\" Nazmul told Cricbuzz.\r\nBangladesh Cricket Board president Nazmul Hasan is sceptical about re-appointing Shakib Al Hasan as the next Test captain. The veteran all-rounder is the front runner to replace Mominul Haque with the incumbent captain opting to step down from his post in order to focus on his batting.\r\n\r\nNazmul, who is expected to hold a board meeting on June 2 to make a decision in this regard, told Cricbuzz on Tuesday (May 31) that the board needed to sit with the all-rounder to know whether he is available or not for the longer format given he's been fairly non committal about his long term plans in the format. He's also missed several games for the team in the last few seasons.\r\n\r\nShakib made a comeback to Test cricket with the just concluded two-match Test series against Sri Lanka as he was unavailable since the Pakistan series. \"Shakib can be a skipper in any format. But we need to know whether he will play or not (Test cricket regularly),\"", "short_text": "Bangladesh Cricket Board president Nazmul Hasan is sceptical about re-appointing Shakib Al Hasan as the next Test captain. The veteran all-rounder is the front", "pub_date": "2022-06-02T06:08:32Z", "pub_author": "Virat Singh", "image": "media/12_li4R6tS.jpg", "time": "1 day ago "}}, {"model": "blogs.article", "pk": 31, "fields": {"heading": "5 Players Mumbai Indians (MI) Will Surely Retain For IPL 2023", "text": "The 16th edition of the Indian Premier League will be held in India from April to June 2023. As is customary before the start of each IPL season, an auction will be held. The IPL 2023 auction is scheduled to take place in February 2023. The five-time champions, Mumbai Indians (MI), are having a season to forget.\r\n\r\nMumbai Indians are the most successful team in Indian Premier League history. In 15 seasons, they have won 5 championships from 6 finals. Mumbai is in last place in the IPL 2022 standings, having won only four league games. They will need to begin making tactical decisions in advance of the IPL 2023 auction. Let╞s take a look at five players who the Mumbai Indians might retain.\r\nThe 16th edition of the Indian Premier League will be held in India from April to June 2023. As is customary before the start of each IPL season, an auction will be held. The IPL 2023 auction is scheduled to take place in February 2023. The five-time champions, Mumbai Indians (MI), are having a season to forget.\r\n\r\nMumbai Indians are the most successful team in Indian Premier League history. In 15 seasons, they have won 5 championships from 6 finals. Mumbai is in last place in the IPL 2022 standings, having won only four league games. They will need to begin making tactical decisions in advance of the IPL 2023 auction. Let╞s take a look at five players who the Mumbai Indians might retain.\r\nThe 16th edition of the Indian Premier League will be held in India from April to June 2023. As is customary before the start of each IPL season, an auction will be held. The IPL 2023 auction is scheduled to take place in February 2023. The five-time champions, Mumbai Indians (MI), are having a season to forget.\r\n\r\nMumbai Indians are the most successful team in Indian Premier League history. In 15 seasons, they have won 5 championships from 6 finals. Mumbai is in last place in the IPL 2022 standings, having won only four league games. They will need to begin making tactical decisions in advance of the IPL 2023 auction. Let╞s take a look at five players who the Mumbai Indians might retain.", "short_text": "The 16th edition of exiting series, the India  Premier League will be held in India from April to June 2023. As is customary before the start of each IPL season, an aucti", "pub_date": "2022-06-02T07:43:46Z", "pub_author": "Rahul Dua", "image": "media/9_s7BXLNH.jfif", "time": "23 hours ago"}}, {"model": "blogs.nation", "pk": 2, "fields": {"Name": "India"}}, {"model": "blogs.nation", "pk": 3, "fields": {"Name": "England"}}, {"model": "blogs.player", "pk": 8, "fields": {"name": "Virat Kohli", "nation": 2, "born": "2001-10-28", "age": 20, "place": "Delhi", "Role": "Batsman", "Batting_style": "Right Hand", "Bowling_style": "Right Hand Off-Break", "desc": "Scott Boland will make his Test debut at the MCG, returning captain Pat Cummins confirmed on the eve of the Boxing Day Test. Boland will be just the fourth Indigenous person to don the Baggy Green. As a result of both coming in, Jhye Richardson and Michael Neser will miss out. Boland's record at the MCG is part reason for his selection. His record of 91 wickets at 25.71 in 26 first-class games at the venue has stood out", "image": "media/316605.png", "matches": 17, "batting_innings": 6, "Bowling_innings": 5, "No": 0, "runs": 120, "highest": 30, "bat_avg": "20.00", "BF": 38, "bat_SR": "315.79", "hundred": 0, "fifty": 0, "double_hundred": 0, "four": 4, "sixes": 8, "Ball_bowled": 35, "runs_conceded": 184, "wickets": 5, "BBI": "-", "BBM": "-", "bowl_avg": "36.80", "bowl_SR": "7.00", "economy": "31.54", "five_wicket": 0, "ten_wicket": 0, "icc_bowling": 14, "icc_batting": 5}}, {"model": "blogs.player", "pk": 9, "fields": {"name": "Rohit Sharma", "nation": 2, "born": "2001-01-28", "age": 32, "place": "Mumbai , India", "Role": "Batsman", "Batting_style": "Right Hand", "Bowling_style": "Right Hand Fast", "desc": "Boland will be the second debutant in the series after Neser was handed a debut in Adelaide. He was also the sixth pacer to play for Australia in the Ashes so far. \"We knew, even with James Pattinson retiring (before the Test summer started), that we had six or seven guys who could step in and do a really good job,\" said Cummins.", "image": "media/316584.png", "matches": 14, "batting_innings": 4, "Bowling_innings": 0, "No": 1, "runs": 92, "highest": 30, "bat_avg": "30.67", "BF": 31, "bat_SR": "296.77", "hundred": 0, "fifty": 0, "double_hundred": 0, "four": 0, "sixes": 11, "Ball_bowled": 1, "runs_conceded": 0, "wickets": 0, "BBI": "-", "BBM": "-", "bowl_avg": "0.00", "bowl_SR": "0.00", "economy": "0.00", "five_wicket": 0, "ten_wicket": 0, "icc_bowling": 13, "icc_batting": 2}}, {"model": "blogs.player", "pk": 10, "fields": {"name": "K L Rahul", "nation": 2, "born": "2001-02-27", "age": 27, "place": "Karnataka", "Role": "Batsman", "Batting_style": "Right Hand", "Bowling_style": "Right Arm Leg Spinner", "desc": "\"He was pretty sore,\" Cummins said on Saturday (December 25). \"We were umming and ahhing - he had a bowl yesterday but we thought seven days off (before the fourth Test in Sydney) will give him enough rest. He's got a small leg injury which is nothing major but we thought rather than risking a long-term injury, we'd give him a week off.\"", "image": "media/319942.png", "matches": 7, "batting_innings": 2, "Bowling_innings": 4, "No": 1, "runs": 162, "highest": 144, "bat_avg": "162.00", "BF": 34, "bat_SR": "476.47", "hundred": 0, "fifty": 0, "double_hundred": 0, "four": 0, "sixes": 24, "Ball_bowled": 10, "runs_conceded": 52, "wickets": 0, "BBI": "-", "BBM": "-", "bowl_avg": "0.00", "bowl_SR": "0.00", "economy": "31.20", "five_wicket": 0, "ten_wicket": 0, "icc_bowling": 12, "icc_batting": 1}}, {"model": "blogs.player", "pk": 11, "fields": {"name": "Hardik Pandya", "nation": 2, "born": "1991-10-28", "age": 23, "place": "Delhi", "Role": "All-Rounder", "Batting_style": "Right Hand", "Bowling_style": "Right Hand Medium Fast", "desc": "Richardson had starred in the second innings in Adelaide with a maiden Test five-wicket haul on his Test return after nearly three years, but he was rested as he navigates a minor leg injury.", "image": "media/319938.png", "matches": 16, "batting_innings": 3, "Bowling_innings": 3, "No": 3, "runs": 50, "highest": 24, "bat_avg": "0.00", "BF": 27, "bat_SR": "185.19", "hundred": 0, "fifty": 0, "double_hundred": 0, "four": 4, "sixes": 1, "Ball_bowled": 20, "runs_conceded": 33, "wickets": 7, "BBI": "-", "BBM": "-", "bowl_avg": "4.71", "bowl_SR": "2.86", "economy": "9.90", "five_wicket": 0, "ten_wicket": 0, "icc_bowling": 8, "icc_batting": 7}}, {"model": "blogs.player", "pk": 12, "fields": {"name": "Rahul Chahar", "nation": 2, "born": "1998-10-28", "age": 26, "place": "Delhi", "Role": "Bowler", "Batting_style": "Left Hand", "Bowling_style": "Right Arm Leg Spinner", "desc": "\"There was a bit of that worry (over inexperience) going into Adelaide but we saw how well Jhye and Ness bowled and gelled, and how well Starcy led the attack, so I think any of those worries are past us.\"", "image": "media/331166.png", "matches": 10, "batting_innings": 1, "Bowling_innings": 3, "No": 0, "runs": 2, "highest": 2, "bat_avg": "2.00", "BF": 3, "bat_SR": "66.67", "hundred": 0, "fifty": 0, "double_hundred": 0, "four": 0, "sixes": 0, "Ball_bowled": 6, "runs_conceded": 31, "wickets": 1, "BBI": "-", "BBM": "-", "bowl_avg": "31.00", "bowl_SR": "6.00", "economy": "31.00", "five_wicket": 0, "ten_wicket": 0, "icc_bowling": 6, "icc_batting": 14}}, {"model": "blogs.player", "pk": 13, "fields": {"name": "Jasprit Bumrah", "nation": 2, "born": "2006-10-28", "age": 24, "place": "Punjab", "Role": "Bowler", "Batting_style": "Right Hand", "Bowling_style": "Right Hand Fast", "desc": "\"We earmarked him as a chance for here and the SCG in particular, we think his record is really well suited,\" said Cummins on Saturday (December 25). \"His record speaks for itself here in domestic cricket. Home ground, having someone fresh like him who can perform straightaway were the big factors. He's really excited obviously - it's a dream for him to wear the Baggy Green, packed MCG on Boxing Day, it doesn't get any better.\"", "image": "media/319940_1.png", "matches": 15, "batting_innings": 1, "Bowling_innings": 5, "No": -1, "runs": 167, "highest": 103, "bat_avg": "83.50", "BF": 47, "bat_SR": "355.32", "hundred": 0, "fifty": 0, "double_hundred": 0, "four": 0, "sixes": 5, "Ball_bowled": 68, "runs_conceded": 197, "wickets": 13, "BBI": "-", "BBM": "-", "bowl_avg": "15.15", "bowl_SR": "5.23", "economy": "17.38", "five_wicket": 0, "ten_wicket": 0, "icc_bowling": 1, "icc_batting": 9}}, {"model": "blogs.player", "pk": 14, "fields": {"name": "M. Shami", "nation": 2, "born": "2001-10-28", "age": 34, "place": "Haryana", "Role": "Bowler", "Batting_style": "Right Hand", "Bowling_style": "Right Hand Fast", "desc": "\"We earmarked him as a chance for here and the SCG in particular, we think his record is really well suited,\" said Cummins on Saturday (December 25). \"His record speaks for itself here in domestic cricket. Home ground, having someone fresh like him who can perform straightaway were the big factors. He's really excited obviously - it's a dream for him to wear the Baggy Green, packed MCG on Boxing Day, it doesn't get any better.\"", "image": "media/316691.png", "matches": 10, "batting_innings": 1, "Bowling_innings": 1, "No": 1, "runs": 28, "highest": 12, "bat_avg": "0.00", "BF": 20, "bat_SR": "140.00", "hundred": 0, "fifty": 0, "double_hundred": 0, "four": 0, "sixes": 3, "Ball_bowled": 3, "runs_conceded": 4, "wickets": 2, "BBI": "-", "BBM": "-", "bowl_avg": "2.00", "bowl_SR": "1.50", "economy": "8.00", "five_wicket": 0, "ten_wicket": 0, "icc_bowling": 4, "icc_batting": 10}}, {"model": "blogs.player", "pk": 15, "fields": {"name": "Jos Bairostrow", "nation": 3, "born": "2001-10-28", "age": 23, "place": "Nottingam , England", "Role": "Batsman", "Batting_style": "Right Hand", "Bowling_style": "Right Arm Off-Spinner", "desc": "\"Although 'Ness' (Neser) debuted last game, Jhye was in after a few years, Scotty's debuting this game, we felt really confident with how much domestic cricket they've played and how they've performed that they could come in here and be Test-ready straightaway.", "image": "media/319794.png", "matches": 9, "batting_innings": 2, "Bowling_innings": 0, "No": 0, "runs": 3, "highest": 3, "bat_avg": "1.50", "BF": 6, "bat_SR": "50.00", "hundred": 0, "fifty": 0, "double_hundred": 0, "four": 0, "sixes": 0, "Ball_bowled": 0, "runs_conceded": 0, "wickets": 0, "BBI": "-", "BBM": "-", "bowl_avg": "0.00", "bowl_SR": "0.00", "economy": "0.00", "five_wicket": 0, "ten_wicket": 0, "icc_bowling": 11, "icc_batting": 4}}, {"model": "blogs.player", "pk": 16, "fields": {"name": "Jos Buttler", "nation": 3, "born": "1991-10-28", "age": 31, "place": "London , England", "Role": "Batsman", "Batting_style": "Right Hand", "Bowling_style": "Right Arm Leg Spinner", "desc": "Boland will be the second debutant in the series after Neser was handed a debut in Adelaide. He was also the sixth pacer to play for Australia in the Ashes so far. \"We knew, even with James Pattinson retiring (before the Test summer started), that we had six or seven guys who could step in and do a really good job,\" said Cummins.", "image": "media/316642.png", "matches": 11, "batting_innings": 3, "Bowling_innings": 1, "No": 1, "runs": 80, "highest": 66, "bat_avg": "40.00", "BF": 19, "bat_SR": "421.05", "hundred": 0, "fifty": 0, "double_hundred": 0, "four": 0, "sixes": 13, "Ball_bowled": 5, "runs_conceded": 30, "wickets": 0, "BBI": "-", "BBM": "-", "bowl_avg": "0.00", "bowl_SR": "0.00", "economy": "36.00", "five_wicket": 0, "ten_wicket": 0, "icc_bowling": 10, "icc_batting": 6}}, {"model": "blogs.player", "pk": 17, "fields": {"name": "Eoin Morgan", "nation": 3, "born": "1995-11-29", "age": 29, "place": "London , England", "Role": "Batsman", "Batting_style": "Left Hand", "Bowling_style": "Right Hand Fast", "desc": "\"Although 'Ness' (Neser) debuted last game, Jhye was in after a few years, Scotty's debuting this game, we felt really confident with how much domestic cricket they've played and how they've performed that they could come in here and be Test-ready straightaway.", "image": "media/316564.png", "matches": 13, "batting_innings": 5, "Bowling_innings": 1, "No": 2, "runs": 43, "highest": 18, "bat_avg": "14.33", "BF": 18, "bat_SR": "238.89", "hundred": 0, "fifty": 0, "double_hundred": 0, "four": 3, "sixes": 5, "Ball_bowled": 7, "runs_conceded": 13, "wickets": 0, "BBI": "-", "BBM": "-", "bowl_avg": "0.00", "bowl_SR": "0.00", "economy": "11.14", "five_wicket": 0, "ten_wicket": 0, "icc_bowling": 9, "icc_batting": 3}}, {"model": "blogs.player", "pk": 18, "fields": {"name": "Stokes", "nation": 3, "born": "1995-10-28", "age": 29, "place": "Trent , London", "Role": "All-Rounder", "Batting_style": "Left Hand", "Bowling_style": "Right Arm Medium Fast", "desc": "The first One-Day International between the USA and Ireland scheduled for Boxing Day on December 26 has been cancelled due to a positive case of COVID-19 in the umpiring team. A net bowler not part of the squad has also tested positive from the USA camp, Cricbuzz understands.", "image": "media/319748.png", "matches": 14, "batting_innings": 2, "Bowling_innings": 3, "No": -1, "runs": 46, "highest": 40, "bat_avg": "15.33", "BF": 15, "bat_SR": "306.67", "hundred": 0, "fifty": 0, "double_hundred": 0, "four": 0, "sixes": 1, "Ball_bowled": 17, "runs_conceded": 67, "wickets": 1, "BBI": "-", "BBM": "-", "bowl_avg": "67.00", "bowl_SR": "17.00", "economy": "23.65", "five_wicket": 0, "ten_wicket": 0, "icc_bowling": 3, "icc_batting": 8}}, {"model": "blogs.player", "pk": 19, "fields": {"name": "Jofra Archer", "nation": 3, "born": "2001-10-28", "age": 23, "place": "Nottingam , England", "Role": "Bowler", "Batting_style": "Left Hand", "Bowling_style": "Right Hand Fast", "desc": "This has resulted in no official being available for the first ODI with three out of the four testing negative, but having been in close contact with the positive case has ruled them out of the clash too.\r\n\r\n\"Cricket Ireland will continue to work closely with USA Cricket, alongside the ICC, to ensure the remainder of the series can continue, if safe to do so,\" a USA Cricket release said on Saturday (December 25).", "image": "media/322929.png", "matches": 10, "batting_innings": 1, "Bowling_innings": 2, "No": 0, "runs": 47, "highest": 1, "bat_avg": "47.00", "BF": 20, "bat_SR": "235.00", "hundred": 0, "fifty": 0, "double_hundred": 0, "four": 0, "sixes": 0, "Ball_bowled": 25, "runs_conceded": 77, "wickets": 3, "BBI": "-", "BBM": "-", "bowl_avg": "25.67", "bowl_SR": "8.33", "economy": "18.48", "five_wicket": 0, "ten_wicket": 0, "icc_bowling": 2, "icc_batting": 13}}, {"model": "blogs.player", "pk": 20, "fields": {"name": "Adil Rashid", "nation": 3, "born": "2001-10-28", "age": 23, "place": "London , England", "Role": "Bowler", "Batting_style": "Right Hand", "Bowling_style": "Right Arm Leg Spinner", "desc": "Cricbuzz also understands that a call on the remainder of the series will be taken on December 26 after another round of testing. Currently, the players are in isolation and flying down officials from the Caribbean is being contemplated. For now though, the second and third ODIs, scheduled for December 28 and 30, will go ahead as planned, a release from USA cricket stated.", "image": "media/319741.png", "matches": 6, "batting_innings": 0, "Bowling_innings": 1, "No": 0, "runs": 1, "highest": 1, "bat_avg": "0.00", "BF": 1, "bat_SR": "0.00", "hundred": 0, "fifty": 0, "double_hundred": 0, "four": 0, "sixes": 0, "Ball_bowled": 6, "runs_conceded": 12, "wickets": 1, "BBI": "-", "BBM": "-", "bowl_avg": "12.00", "bowl_SR": "6.00", "economy": "12.00", "five_wicket": 0, "ten_wicket": 0, "icc_bowling": 5, "icc_batting": 11}}, {"model": "blogs.player", "pk": 21, "fields": {"name": "Tyan Mils", "nation": 3, "born": "2001-10-28", "age": 34, "place": "Nottingam , England", "Role": "Bowler", "Batting_style": "Left Hand", "Bowling_style": "Left Hand Off-Break", "desc": "Bangladesh Cricket Board appointed former national head coach Jamie Siddons as their batting consultant for a period of two years. BCB president Nazmul Hassan confirmed that the Australian will work in a different capacity with local cricketers.\r\n\r\n\"Hopefully in February he will arrive (and then) we'll fix where he will work. If we feel he is needed in High Performance then he will work in that role. And if we feel if he is required in Under-19 setup, then he will work there or if he's required in the senior national team then he will be deployed there,\" Nazmul said.", "image": "media/323104_1.png", "matches": 16, "batting_innings": 3, "Bowling_innings": 5, "No": -1, "runs": 45, "highest": 31, "bat_avg": "11.25", "BF": 17, "bat_SR": "264.71", "hundred": 0, "fifty": 0, "double_hundred": 0, "four": 2, "sixes": 6, "Ball_bowled": 52, "runs_conceded": 260, "wickets": 3, "BBI": "-", "BBM": "-", "bowl_avg": "86.67", "bowl_SR": "17.33", "economy": "30.00", "five_wicket": 0, "ten_wicket": 0, "icc_bowling": 7, "icc_batting": 12}}, {"model": "blogs.run", "pk": 2, "fields": {"Mode": "1 run", "value": 1, "comm": ""}}, {"model": "blogs.run", "pk": 3, "fields": {"Mode": "2 runs", "value": 2, "comm": ""}}, {"model": "blogs.run", "pk": 4, "fields": {"Mode": "3 runs", "value": 3, "comm": ""}}, {"model": "blogs.run", "pk": 5, "fields": {"Mode": "4 runs", "value": 4, "comm": ""}}, {"model": "blogs.run", "pk": 6, "fields": {"Mode": "FOUR", "value": 4, "comm": "d"}}, {"model": "blogs.run", "pk": 8, "fields": {"Mode": "SIX", "value": 6, "comm": "d"}}, {"model": "blogs.run", "pk": 9, "fields": {"Mode": "OUT", "value": 0, "comm": "Oh ,"}}, {"model": "blogs.run", "pk": 10, "fields": {"Mode": "Dot Ball", "value": 0, "comm": ""}}, {"model": "blogs.run", "pk": 11, "fields": {"Mode": "Wide", "value": 1, "comm": ""}}, {"model": "blogs.run", "pk": 12, "fields": {"Mode": "No Ball", "value": 0, "comm": "d"}}, {"model": "blogs.run", "pk": 13, "fields": {"Mode": "Byes 1 run", "value": 1, "comm": "nhdhd"}}, {"model": "blogs.run", "pk": 14, "fields": {"Mode": "Byes 2 runs", "value": 2, "comm": "djd"}}, {"model": "blogs.run", "pk": 15, "fields": {"Mode": "Byes 3 runs", "value": 3, "comm": "djd"}}, {"model": "blogs.run", "pk": 16, "fields": {"Mode": "Byes 4 runs", "value": 4, "comm": "ssn"}}, {"model": "blogs.run", "pk": 17, "fields": {"Mode": "Wide , 1 run", "value": 2, "comm": "d"}}, {"model": "blogs.run", "pk": 18, "fields": {"Mode": "Wide , 2 runs", "value": 3, "comm": "f"}}, {"model": "blogs.run", "pk": 19, "fields": {"Mode": "Wide , 3 runs", "value": 4, "comm": "d"}}, {"model": "blogs.run", "pk": 20, "fields": {"Mode": "Wide , 4 runs", "value": 5, "comm": "b"}}, {"model": "blogs.run", "pk": 21, "fields": {"Mode": "No Ball , 1 run", "value": 1, "comm": "w"}}, {"model": "blogs.run", "pk": 23, "fields": {"Mode": "No Ball , 2 runs", "value": 3, "comm": "e"}}, {"model": "blogs.run", "pk": 24, "fields": {"Mode": "No Ball , 3 runs", "value": 4, "comm": "fv"}}, {"model": "blogs.run", "pk": 25, "fields": {"Mode": "No Ball , 4 runs", "value": 5, "comm": "e"}}, {"model": "blogs.run", "pk": 26, "fields": {"Mode": "No Ball , 6 runs", "value": 7, "comm": "f"}}, {"model": "blogs.ball", "pk": 352, "fields": {"Match": 70, "Over": "0.1", "Strike_Player": 9, "Runner_Player": 8, "Run_on_ball": 13, "Actual_Run": 1, "Bowler_Player": 21, "real_comm": "slower ball low full toss, Rohit hits it to the bowler and make a run on it"}}, {"model": "blogs.ball", "pk": 353, "fields": {"Match": 70, "Over": "0.2", "Strike_Player": 8, "Runner_Player": 9, "Run_on_ball": 10, "Actual_Run": 0, "Bowler_Player": 21, "real_comm": "short and spinning away outside off stump, Virat slaps it to extra cover"}}, {"model": "blogs.ball", "pk": 354, "fields": {"Match": 70, "Over": "0.3", "Strike_Player": 8, "Runner_Player": 9, "Run_on_ball": 18, "Actual_Run": 3, "Bowler_Player": 21, "real_comm": "the ball leaves the fielder and batsman sprint to steal a double"}}, {"model": "blogs.ball", "pk": 355, "fields": {"Match": 70, "Over": "0.3", "Strike_Player": 8, "Runner_Player": 9, "Run_on_ball": 3, "Actual_Run": 2, "Bowler_Player": 21, "real_comm": "neat flick shot to long-on, inching closer to a perfect start"}}, {"model": "blogs.ball", "pk": 356, "fields": {"Match": 70, "Over": "0.4", "Strike_Player": 8, "Runner_Player": 9, "Run_on_ball": 2, "Actual_Run": 1, "Bowler_Player": 21, "real_comm": "slower delivery on the stumps, Virat pushes to long-on"}}, {"model": "blogs.ball", "pk": 357, "fields": {"Match": 70, "Over": "0.5", "Strike_Player": 9, "Runner_Player": 8, "Run_on_ball": 5, "Actual_Run": 4, "Bowler_Player": 21, "real_comm": "Rohit bringing in the reverse sweep"}}, {"model": "blogs.ball", "pk": 358, "fields": {"Match": 70, "Over": "0.6", "Strike_Player": 9, "Runner_Player": 8, "Run_on_ball": 8, "Actual_Run": 6, "Bowler_Player": 21, "real_comm": "smashed it out of the ground"}}, {"model": "blogs.ball", "pk": 359, "fields": {"Match": 70, "Over": "1.1", "Strike_Player": 8, "Runner_Player": 9, "Run_on_ball": 10, "Actual_Run": 0, "Bowler_Player": 18, "real_comm": "Oh the ball was just touching the bails"}}, {"model": "blogs.ball", "pk": 360, "fields": {"Match": 70, "Over": "1.2", "Strike_Player": 8, "Runner_Player": 9, "Run_on_ball": 9, "Actual_Run": 0, "Bowler_Player": 18, "real_comm": "the wicketkeeper takes the catch"}}, {"model": "blogs.ball", "pk": 361, "fields": {"Match": 70, "Over": "1.3", "Strike_Player": 11, "Runner_Player": 9, "Run_on_ball": 3, "Actual_Run": 2, "Bowler_Player": 18, "real_comm": "good running between the wickets"}}, {"model": "blogs.ball", "pk": 362, "fields": {"Match": 70, "Over": "1.4", "Strike_Player": 11, "Runner_Player": 9, "Run_on_ball": 23, "Actual_Run": 3, "Bowler_Player": 18, "real_comm": "oh that's a no ball for sure ."}}, {"model": "blogs.ball", "pk": 363, "fields": {"Match": 70, "Over": "1.4", "Strike_Player": 11, "Runner_Player": 9, "Run_on_ball": 10, "Actual_Run": 0, "Bowler_Player": 18, "real_comm": "tossed up full on off, driven back to Morgan who dives to his left to stop"}}, {"model": "blogs.ball", "pk": 364, "fields": {"Match": 70, "Over": "1.5", "Strike_Player": 11, "Runner_Player": 9, "Run_on_ball": 6, "Actual_Run": 4, "Bowler_Player": 18, "real_comm": "smashes the ball to long side"}}, {"model": "blogs.ball", "pk": 365, "fields": {"Match": 70, "Over": "1.6", "Strike_Player": 11, "Runner_Player": 9, "Run_on_ball": 6, "Actual_Run": 4, "Bowler_Player": 18, "real_comm": "oh again it's a four , amazing sense of cricket by Hardik"}}, {"model": "blogs.ball", "pk": 366, "fields": {"Match": 70, "Over": "2.1", "Strike_Player": 9, "Runner_Player": 11, "Run_on_ball": 10, "Actual_Run": 0, "Bowler_Player": 21, "real_comm": "tossed up on middle, flicked to mid-wicket"}}, {"model": "blogs.ball", "pk": 367, "fields": {"Match": 70, "Over": "2.2", "Strike_Player": 9, "Runner_Player": 11, "Run_on_ball": 10, "Actual_Run": 0, "Bowler_Player": 21, "real_comm": "that's again a dot ball"}}, {"model": "blogs.ball", "pk": 368, "fields": {"Match": 70, "Over": "2.3", "Strike_Player": 9, "Runner_Player": 11, "Run_on_ball": 8, "Actual_Run": 6, "Bowler_Player": 21, "real_comm": "that's an outside edge"}}, {"model": "blogs.ball", "pk": 373, "fields": {"Match": 70, "Over": "2.4", "Strike_Player": 9, "Runner_Player": 11, "Run_on_ball": 23, "Actual_Run": 3, "Bowler_Player": 21, "real_comm": "That's a full toss above tha waist and it's a no ball"}}, {"model": "blogs.ball", "pk": 374, "fields": {"Match": 70, "Over": "2.4", "Strike_Player": 9, "Runner_Player": 11, "Run_on_ball": 5, "Actual_Run": 4, "Bowler_Player": 21, "real_comm": "flicks it on side"}}, {"model": "blogs.ball", "pk": 375, "fields": {"Match": 70, "Over": "2.5", "Strike_Player": 9, "Runner_Player": 11, "Run_on_ball": 9, "Actual_Run": 0, "Bowler_Player": 21, "real_comm": "the ball goes high into the air waiting for the fielder to catch it"}}, {"model": "blogs.ball", "pk": 376, "fields": {"Match": 70, "Over": "3.0", "Strike_Player": 13, "Runner_Player": 11, "Run_on_ball": 9, "Actual_Run": 0, "Bowler_Player": 21, "real_comm": "the ball goes high into the air waiting for the fielder to catch it"}}, {"model": "blogs.ball", "pk": 378, "fields": {"Match": 70, "Over": "3.1", "Strike_Player": 11, "Runner_Player": 14, "Run_on_ball": 2, "Actual_Run": 1, "Bowler_Player": 17, "real_comm": "straight into the fielder hands"}}, {"model": "blogs.ball", "pk": 379, "fields": {"Match": 70, "Over": "3.2", "Strike_Player": 14, "Runner_Player": 11, "Run_on_ball": 2, "Actual_Run": 1, "Bowler_Player": 17, "real_comm": "flicks the ball to mid wicket region"}}, {"model": "blogs.ball", "pk": 381, "fields": {"Match": 70, "Over": "3.3", "Strike_Player": 11, "Runner_Player": 14, "Run_on_ball": 16, "Actual_Run": 4, "Bowler_Player": 17, "real_comm": "oh the wicketkeeper misses the ball and it goes for a four"}}, {"model": "blogs.ball", "pk": 382, "fields": {"Match": 70, "Over": "3.4", "Strike_Player": 11, "Runner_Player": 14, "Run_on_ball": 6, "Actual_Run": 4, "Bowler_Player": 17, "real_comm": "smashes the ball to the boundary , thats great use of the wrist"}}, {"model": "blogs.ball", "pk": 383, "fields": {"Match": 70, "Over": "3.5", "Strike_Player": 11, "Runner_Player": 14, "Run_on_ball": 8, "Actual_Run": 6, "Bowler_Player": 17, "real_comm": "Hardik lofts the ball to long on side and the balls just over the fielder's hands for a sizzling six"}}, {"model": "blogs.ball", "pk": 384, "fields": {"Match": 70, "Over": "4.0", "Strike_Player": 11, "Runner_Player": 14, "Run_on_ball": 2, "Actual_Run": 1, "Bowler_Player": 17, "real_comm": "the ball was not timed by the batsman, staright to Buttler restring the batsman to a single run."}}, {"model": "blogs.ball", "pk": 385, "fields": {"Match": 70, "Over": "0.1", "Strike_Player": 15, "Runner_Player": 16, "Run_on_ball": 9, "Actual_Run": 0, "Bowler_Player": 13, "real_comm": "That a golden duck for Bairostrow"}}, {"model": "blogs.ball", "pk": 386, "fields": {"Match": 70, "Over": "0.2", "Strike_Player": 17, "Runner_Player": 16, "Run_on_ball": 10, "Actual_Run": 0, "Bowler_Player": 13, "real_comm": "Superb swing by Bumrah , good use of the new ball"}}, {"model": "blogs.ball", "pk": 387, "fields": {"Match": 70, "Over": "0.3", "Strike_Player": 17, "Runner_Player": 16, "Run_on_ball": 2, "Actual_Run": 1, "Bowler_Player": 13, "real_comm": "Morgan opens his account by stealing a single"}}, {"model": "blogs.ball", "pk": 388, "fields": {"Match": 70, "Over": "0.4", "Strike_Player": 16, "Runner_Player": 17, "Run_on_ball": 3, "Actual_Run": 2, "Bowler_Player": 13, "real_comm": "quick running between the wicket"}}, {"model": "blogs.ball", "pk": 389, "fields": {"Match": 70, "Over": "0.5", "Strike_Player": 16, "Runner_Player": 17, "Run_on_ball": 9, "Actual_Run": 0, "Bowler_Player": 13, "real_comm": "Bumrah strikes again with the ball,both openers are gone"}}, {"model": "blogs.ball", "pk": 390, "fields": {"Match": 70, "Over": "0.6", "Strike_Player": 18, "Runner_Player": 17, "Run_on_ball": 8, "Actual_Run": 6, "Bowler_Player": 13, "real_comm": "Oh what a shot on the first ball of the over"}}, {"model": "blogs.ball", "pk": 391, "fields": {"Match": 70, "Over": "1.1", "Strike_Player": 17, "Runner_Player": 18, "Run_on_ball": 9, "Actual_Run": 0, "Bowler_Player": 14, "real_comm": "ball hits the middle stumps , Morgan looks clueless"}}, {"model": "blogs.ball", "pk": 392, "fields": {"Match": 70, "Over": "1.2", "Strike_Player": 21, "Runner_Player": 18, "Run_on_ball": 6, "Actual_Run": 4, "Bowler_Player": 14, "real_comm": "Outside edge and it escapes the fielder to the boundary"}}, {"model": "blogs.ball", "pk": 393, "fields": {"Match": 70, "Over": "1.3", "Strike_Player": 21, "Runner_Player": 18, "Run_on_ball": 9, "Actual_Run": 0, "Bowler_Player": 14, "real_comm": "Indian Finishes England within overs and win an important match in this series"}}, {"model": "blogs.ball", "pk": 394, "fields": {"Match": 71, "Over": "0.1", "Strike_Player": 15, "Runner_Player": 17, "Run_on_ball": 13, "Actual_Run": 1, "Bowler_Player": 13, "real_comm": "The ball goes to fine edge and england open's its account"}}, {"model": "blogs.ball", "pk": 395, "fields": {"Match": 71, "Over": "0.2", "Strike_Player": 15, "Runner_Player": 17, "Run_on_ball": 4, "Actual_Run": 3, "Bowler_Player": 13, "real_comm": "great running between the wickets , fielder's fumble with the ball costed India extra 2 runs"}}, {"model": "blogs.ball", "pk": 396, "fields": {"Match": 71, "Over": "0.3", "Strike_Player": 17, "Runner_Player": 15, "Run_on_ball": 10, "Actual_Run": 0, "Bowler_Player": 13, "real_comm": "Oh ! What a seam , Morgan defends it hastily"}}, {"model": "blogs.ball", "pk": 397, "fields": {"Match": 71, "Over": "0.4", "Strike_Player": 17, "Runner_Player": 15, "Run_on_ball": 8, "Actual_Run": 6, "Bowler_Player": 13, "real_comm": "The ball goes over the fielder at deep extra cover and it's a big six"}}, {"model": "blogs.ball", "pk": 398, "fields": {"Match": 71, "Over": "0.5", "Strike_Player": 17, "Runner_Player": 15, "Run_on_ball": 6, "Actual_Run": 4, "Bowler_Player": 13, "real_comm": "Again a boundary , this time ball was a full toss and the captain is not happy with this"}}, {"model": "blogs.ball", "pk": 399, "fields": {"Match": 71, "Over": "0.6", "Strike_Player": 17, "Runner_Player": 15, "Run_on_ball": 9, "Actual_Run": 0, "Bowler_Player": 13, "real_comm": "Bumrah takes his revenge , a poor shot from morgan"}}, {"model": "blogs.ball", "pk": 400, "fields": {"Match": 71, "Over": "1.1", "Strike_Player": 15, "Runner_Player": 18, "Run_on_ball": 9, "Actual_Run": 0, "Bowler_Player": 11, "real_comm": "That's back to back wicket for India , Agony for England"}}, {"model": "blogs.ball", "pk": 401, "fields": {"Match": 71, "Over": "1.2", "Strike_Player": 21, "Runner_Player": 18, "Run_on_ball": 6, "Actual_Run": 4, "Bowler_Player": 11, "real_comm": "ball rushes to offside, the long side of the ground"}}, {"model": "blogs.ball", "pk": 402, "fields": {"Match": 71, "Over": "1.3", "Strike_Player": 21, "Runner_Player": 18, "Run_on_ball": 8, "Actual_Run": 6, "Bowler_Player": 11, "real_comm": "Mils misjudge it but it will be a six"}}, {"model": "blogs.ball", "pk": 403, "fields": {"Match": 71, "Over": "1.4", "Strike_Player": 21, "Runner_Player": 18, "Run_on_ball": 9, "Actual_Run": 0, "Bowler_Player": 11, "real_comm": "The ball angled it from offside hiting on the middle stump"}}, {"model": "blogs.ball", "pk": 404, "fields": {"Match": 71, "Over": "1.5", "Strike_Player": 19, "Runner_Player": 18, "Run_on_ball": 10, "Actual_Run": 0, "Bowler_Player": 11, "real_comm": "Jofra leaves the ball and it goes straight to the wicket keeper"}}, {"model": "blogs.ball", "pk": 405, "fields": {"Match": 71, "Over": "1.6", "Strike_Player": 19, "Runner_Player": 18, "Run_on_ball": 9, "Actual_Run": 0, "Bowler_Player": 11, "real_comm": "The bowlers appeal for lbw and Umpires gives it !"}}, {"model": "blogs.ball", "pk": 406, "fields": {"Match": 71, "Over": "0.1", "Strike_Player": 8, "Runner_Player": 9, "Run_on_ball": 8, "Actual_Run": 6, "Bowler_Player": 19, "real_comm": "Virat steps foward and hits a lofted cover drive"}}, {"model": "blogs.ball", "pk": 407, "fields": {"Match": 71, "Over": "0.2", "Strike_Player": 8, "Runner_Player": 9, "Run_on_ball": 2, "Actual_Run": 1, "Bowler_Player": 19, "real_comm": "Great running between the wicket"}}, {"model": "blogs.ball", "pk": 408, "fields": {"Match": 71, "Over": "0.3", "Strike_Player": 9, "Runner_Player": 8, "Run_on_ball": 26, "Actual_Run": 7, "Bowler_Player": 19, "real_comm": "Oh ! it's a full toss and a giant six , bowler wil have to repeat this bowl"}}, {"model": "blogs.ball", "pk": 409, "fields": {"Match": 71, "Over": "0.3", "Strike_Player": 9, "Runner_Player": 8, "Run_on_ball": 10, "Actual_Run": 0, "Bowler_Player": 19, "real_comm": "that's a better bowl from archer"}}, {"model": "blogs.ball", "pk": 410, "fields": {"Match": 71, "Over": "0.4", "Strike_Player": 9, "Runner_Player": 8, "Run_on_ball": 8, "Actual_Run": 6, "Bowler_Player": 19, "real_comm": "Flat six. Only five needed now and England have been hit badly by this partnership"}}, {"model": "blogs.ball", "pk": 411, "fields": {"Match": 71, "Over": "0.5", "Strike_Player": 9, "Runner_Player": 8, "Run_on_ball": 8, "Actual_Run": 6, "Bowler_Player": 19, "real_comm": "you beauty! . Slower, fuller, drop-kicked over long-on."}}, {"model": "blogs.match", "pk": 70, "fields": {"Tourn": "Alan Border Trophy", "Opp_one": 2, "Opp_two": 3, "status": "Finished", "status2": "India won by 47 runs ", "Toss": 2, "place": "Wankehede Stadium , Bombay", "Toss_Result": "Bat", "Date_match": "2022-03-23", "player_one_one": 8, "player_one_two": 9, "player_one_three": 11, "player_one_four": 14, "player_one_five": 13, "player_two_five": 18, "player_two_one": 16, "player_two_two": 17, "player_two_three": 15, "player_two_four": 21, "opp1_extras": 10, "opp2_extras": 0, "opp1_overs": "4.0", "opp2_overs": "1.3", "opp1_wicket": 3, "opp2_wicket": 4, "opp1_total_runs": 60, "opp2_total_runs": 13, "winning_nation": "India"}}, {"model": "blogs.match", "pk": 71, "fields": {"Tourn": "The Ashes", "Opp_one": 3, "Opp_two": 2, "status": "Finished", "status2": "India won by 4 wickets ", "Toss": 3, "place": "Leeds, England", "Toss_Result": "Bat", "Date_match": "2021-12-11", "player_one_one": 18, "player_one_two": 17, "player_one_three": 21, "player_one_four": 19, "player_one_five": 15, "player_two_five": 13, "player_two_one": 8, "player_two_two": 11, "player_two_three": 9, "player_two_four": 14, "opp1_extras": 1, "opp2_extras": 1, "opp1_overs": "2.0", "opp2_overs": "0.5", "opp1_wicket": 4, "opp2_wicket": 0, "opp1_total_runs": 24, "opp2_total_runs": 26, "winning_nation": "India"}}, {"model": "blogs.match", "pk": 72, "fields": {"Tourn": "Paytm Series", "Opp_one": 2, "Opp_two": 3, "status": "Upcoming & Toss", "status2": "India won the toss and chose to Field first", "Toss": 2, "place": "Ferosha Kotla, Delhi", "Toss_Result": "Field", "Date_match": "2022-07-22", "player_one_one": 13, "player_one_two": 8, "player_one_three": 9, "player_one_four": 12, "player_one_five": 11, "player_two_five": 20, "player_two_one": 21, "player_two_two": 17, "player_two_three": 18, "player_two_four": 16, "opp1_extras": 0, "opp2_extras": 0, "opp1_overs": "0.0", "opp2_overs": "0.0", "opp1_wicket": 0, "opp2_wicket": 0, "opp1_total_runs": 0, "opp2_total_runs": 0, "winning_nation": ""}}, {"model": "blogs.match", "pk": 73, "fields": {"Tourn": "Vivo Redeem Trophy", "Opp_one": 3, "Opp_two": 2, "status": "Upcoming & Toss", "status2": "India won the toss and chose to Bat first", "Toss": 2, "place": "Manchester, England", "Toss_Result": "Bat", "Date_match": "2022-07-30", "player_one_one": 12, "player_one_two": 8, "player_one_three": 13, "player_one_four": 9, "player_one_five": 11, "player_two_five": 17, "player_two_one": 15, "player_two_two": 19, "player_two_three": 16, "player_two_four": 20, "opp1_extras": 0, "opp2_extras": 0, "opp1_overs": "0.0", "opp2_overs": "0.0", "opp1_wicket": 0, "opp2_wicket": 0, "opp1_total_runs": 0, "opp2_total_runs": 0, "winning_nation": ""}}, {"model": "blogs.player_match", "pk": 466, "fields": {"bat_position": 1, "Match": 70, "Name": 8, "Runs": 3, "status": "Out", "Balls_Faced": 5, "four": 0, "six": 0, "runs_conceded": 0, "wicket": 0, "over": "0.0", "over1": "0.0", "Economy": "0.0", "SR": "60.00"}}, {"model": "blogs.player_match", "pk": 467, "fields": {"bat_position": 1, "Match": 70, "Name": 9, "Runs": 22, "status": "Out", "Balls_Faced": 9, "four": 0, "six": 2, "runs_conceded": 0, "wicket": 0, "over": "0.0", "over1": "0.0", "Economy": "0.0", "SR": "244.44"}}, {"model": "blogs.player_match", "pk": 468, "fields": {"bat_position": 3, "Match": 70, "Name": 11, "Runs": 24, "status": "batting", "Balls_Faced": 10, "four": 3, "six": 1, "runs_conceded": 0, "wicket": 0, "over": "0.0", "over1": "0.0", "Economy": "0.0", "SR": "240.00"}}, {"model": "blogs.player_match", "pk": 469, "fields": {"bat_position": 5, "Match": 70, "Name": 14, "Runs": 1, "status": "batting", "Balls_Faced": 1, "four": 0, "six": 0, "runs_conceded": 4, "wicket": 2, "over": "3.0", "over1": "0.3", "Economy": "8.0", "SR": "100.00"}}, {"model": "blogs.player_match", "pk": 470, "fields": {"bat_position": 4, "Match": 70, "Name": 13, "Runs": 0, "status": "Out", "Balls_Faced": 1, "four": 0, "six": 0, "runs_conceded": 9, "wicket": 2, "over": "6.0", "over1": "1.0", "Economy": "9.0", "SR": "0.00"}}, {"model": "blogs.player_match", "pk": 471, "fields": {"bat_position": 2, "Match": 70, "Name": 16, "Runs": 2, "status": "Out", "Balls_Faced": 2, "four": 0, "six": 0, "runs_conceded": 0, "wicket": 0, "over": "0.0", "over1": "0.0", "Economy": "0.0", "SR": "100.00"}}, {"model": "blogs.player_match", "pk": 472, "fields": {"bat_position": 3, "Match": 70, "Name": 17, "Runs": 1, "status": "Out", "Balls_Faced": 3, "four": 0, "six": 0, "runs_conceded": 13, "wicket": 0, "over": "6.0", "over1": "1.0", "Economy": "13.0", "SR": "33.33"}}, {"model": "blogs.player_match", "pk": 473, "fields": {"bat_position": 1, "Match": 70, "Name": 15, "Runs": 0, "status": "Out", "Balls_Faced": 1, "four": 0, "six": 0, "runs_conceded": 0, "wicket": 0, "over": "0.0", "over1": "0.0", "Economy": "0.0", "SR": "0.00"}}, {"model": "blogs.player_match", "pk": 474, "fields": {"bat_position": 5, "Match": 70, "Name": 21, "Runs": 4, "status": "Out", "Balls_Faced": 2, "four": 1, "six": 0, "runs_conceded": 29, "wicket": 2, "over": "12.0", "over1": "2.0", "Economy": "13.4", "SR": "200.00"}}, {"model": "blogs.player_match", "pk": 475, "fields": {"bat_position": 4, "Match": 70, "Name": 18, "Runs": 6, "status": "batting", "Balls_Faced": 1, "four": 0, "six": 1, "runs_conceded": 13, "wicket": 1, "over": "6.0", "over1": "1.0", "Economy": "13.0", "SR": "600.00"}}, {"model": "blogs.player_match", "pk": 476, "fields": {"bat_position": 3, "Match": 71, "Name": 18, "Runs": 0, "status": "batting", "Balls_Faced": 0, "four": 0, "six": 0, "runs_conceded": 0, "wicket": 0, "over": "0.0", "over1": "0.0", "Economy": "0.0", "SR": "0.00"}}, {"model": "blogs.player_match", "pk": 477, "fields": {"bat_position": 1, "Match": 71, "Name": 17, "Runs": 10, "status": "Out", "Balls_Faced": 4, "four": 1, "six": 1, "runs_conceded": 0, "wicket": 0, "over": "0.0", "over1": "0.0", "Economy": "0.0", "SR": "250.00"}}, {"model": "blogs.player_match", "pk": 478, "fields": {"bat_position": 4, "Match": 71, "Name": 21, "Runs": 10, "status": "Out", "Balls_Faced": 3, "four": 1, "six": 1, "runs_conceded": 0, "wicket": 0, "over": "0.0", "over1": "0.0", "Economy": "0.0", "SR": "333.33"}}, {"model": "blogs.player_match", "pk": 479, "fields": {"bat_position": 5, "Match": 71, "Name": 19, "Runs": 0, "status": "Out", "Balls_Faced": 2, "four": 0, "six": 0, "runs_conceded": 26, "wicket": 0, "over": "5.0", "over1": "0.5", "Economy": "31.2", "SR": "0.00"}}, {"model": "blogs.player_match", "pk": 480, "fields": {"bat_position": 1, "Match": 71, "Name": 15, "Runs": 3, "status": "Out", "Balls_Faced": 3, "four": 0, "six": 0, "runs_conceded": 0, "wicket": 0, "over": "0.0", "over1": "0.0", "Economy": "0.0", "SR": "100.00"}}, {"model": "blogs.player_match", "pk": 481, "fields": {"bat_position": 1, "Match": 71, "Name": 8, "Runs": 7, "status": "batting", "Balls_Faced": 2, "four": 0, "six": 1, "runs_conceded": 0, "wicket": 0, "over": "0.0", "over1": "0.0", "Economy": "0.0", "SR": "350.00"}}, {"model": "blogs.player_match", "pk": 482, "fields": {"bat_position": 50, "Match": 71, "Name": 11, "Runs": 0, "status": "Yet to bat", "Balls_Faced": 0, "four": 0, "six": 0, "runs_conceded": 10, "wicket": 3, "over": "6.0", "over1": "1.0", "Economy": "10.0", "SR": "0.00"}}, {"model": "blogs.player_match", "pk": 483, "fields": {"bat_position": 1, "Match": 71, "Name": 9, "Runs": 18, "status": "batting", "Balls_Faced": 4, "four": 0, "six": 3, "runs_conceded": 0, "wicket": 0, "over": "0.0", "over1": "0.0", "Economy": "0.0", "SR": "450.00"}}, {"model": "blogs.player_match", "pk": 484, "fields": {"bat_position": 50, "Match": 71, "Name": 14, "Runs": 0, "status": "Yet to bat", "Balls_Faced": 0, "four": 0, "six": 0, "runs_conceded": 0, "wicket": 0, "over": "0.0", "over1": "0.0", "Economy": "0.0", "SR": "0.00"}}, {"model": "blogs.player_match", "pk": 485, "fields": {"bat_position": 50, "Match": 71, "Name": 13, "Runs": 0, "status": "Yet to bat", "Balls_Faced": 0, "four": 0, "six": 0, "runs_conceded": 13, "wicket": 1, "over": "6.0", "over1": "1.0", "Economy": "13.0", "SR": "0.00"}}, {"model": "blogs.player_match", "pk": 486, "fields": {"bat_position": 50, "Match": 72, "Name": 13, "Runs": 0, "status": "Yet to bat", "Balls_Faced": 0, "four": 0, "six": 0, "runs_conceded": 0, "wicket": 0, "over": "0.0", "over1": "0.0", "Economy": "0.0", "SR": "0.00"}}, {"model": "blogs.player_match", "pk": 487, "fields": {"bat_position": 50, "Match": 72, "Name": 8, "Runs": 0, "status": "Yet to bat", "Balls_Faced": 0, "four": 0, "six": 0, "runs_conceded": 0, "wicket": 0, "over": "0.0", "over1": "0.0", "Economy": "0.0", "SR": "0.00"}}, {"model": "blogs.player_match", "pk": 488, "fields": {"bat_position": 50, "Match": 72, "Name": 9, "Runs": 0, "status": "Yet to bat", "Balls_Faced": 0, "four": 0, "six": 0, "runs_conceded": 0, "wicket": 0, "over": "0.0", "over1": "0.0", "Economy": "0.0", "SR": "0.00"}}, {"model": "blogs.player_match", "pk": 489, "fields": {"bat_position": 50, "Match": 72, "Name": 12, "Runs": 0, "status": "Yet to bat", "Balls_Faced": 0, "four": 0, "six": 0, "runs_conceded": 0, "wicket": 0, "over": "0.0", "over1": "0.0", "Economy": "0.0", "SR": "0.00"}}, {"model": "blogs.player_match", "pk": 490, "fields": {"bat_position": 50, "Match": 72, "Name": 11, "Runs": 0, "status": "Yet to bat", "Balls_Faced": 0, "four": 0, "six": 0, "runs_conceded": 0, "wicket": 0, "over": "0.0", "over1": "0.0", "Economy": "0.0", "SR": "0.00"}}, {"model": "blogs.player_match", "pk": 491, "fields": {"bat_position": 50, "Match": 72, "Name": 21, "Runs": 0, "status": "Yet to bat", "Balls_Faced": 0, "four": 0, "six": 0, "runs_conceded": 0, "wicket": 0, "over": "0.0", "over1": "0.0", "Economy": "0.0", "SR": "0.00"}}, {"model": "blogs.player_match", "pk": 492, "fields": {"bat_position": 50, "Match": 72, "Name": 17, "Runs": 0, "status": "Yet to bat", "Balls_Faced": 0, "four": 0, "six": 0, "runs_conceded": 0, "wicket": 0, "over": "0.0", "over1": "0.0", "Economy": "0.0", "SR": "0.00"}}, {"model": "blogs.player_match", "pk": 493, "fields": {"bat_position": 50, "Match": 72, "Name": 18, "Runs": 0, "status": "Yet to bat", "Balls_Faced": 0, "four": 0, "six": 0, "runs_conceded": 0, "wicket": 0, "over": "0.0", "over1": "0.0", "Economy": "0.0", "SR": "0.00"}}, {"model": "blogs.player_match", "pk": 494, "fields": {"bat_position": 50, "Match": 72, "Name": 16, "Runs": 0, "status": "Yet to bat", "Balls_Faced": 0, "four": 0, "six": 0, "runs_conceded": 0, "wicket": 0, "over": "0.0", "over1": "0.0", "Economy": "0.0", "SR": "0.00"}}, {"model": "blogs.player_match", "pk": 495, "fields": {"bat_position": 50, "Match": 72, "Name": 20, "Runs": 0, "status": "Yet to bat", "Balls_Faced": 0, "four": 0, "six": 0, "runs_conceded": 0, "wicket": 0, "over": "0.0", "over1": "0.0", "Economy": "0.0", "SR": "0.00"}}, {"model": "blogs.player_match", "pk": 496, "fields": {"bat_position": 50, "Match": 73, "Name": 12, "Runs": 0, "status": "Yet to bat", "Balls_Faced": 0, "four": 0, "six": 0, "runs_conceded": 0, "wicket": 0, "over": "0.0", "over1": "0.0", "Economy": "0.0", "SR": "0.00"}}, {"model": "blogs.player_match", "pk": 497, "fields": {"bat_position": 50, "Match": 73, "Name": 8, "Runs": 0, "status": "Yet to bat", "Balls_Faced": 0, "four": 0, "six": 0, "runs_conceded": 0, "wicket": 0, "over": "0.0", "over1": "0.0", "Economy": "0.0", "SR": "0.00"}}, {"model": "blogs.player_match", "pk": 498, "fields": {"bat_position": 50, "Match": 73, "Name": 13, "Runs": 0, "status": "Yet to bat", "Balls_Faced": 0, "four": 0, "six": 0, "runs_conceded": 0, "wicket": 0, "over": "0.0", "over1": "0.0", "Economy": "0.0", "SR": "0.00"}}, {"model": "blogs.player_match", "pk": 499, "fields": {"bat_position": 50, "Match": 73, "Name": 9, "Runs": 0, "status": "Yet to bat", "Balls_Faced": 0, "four": 0, "six": 0, "runs_conceded": 0, "wicket": 0, "over": "0.0", "over1": "0.0", "Economy": "0.0", "SR": "0.00"}}, {"model": "blogs.player_match", "pk": 500, "fields": {"bat_position": 50, "Match": 73, "Name": 11, "Runs": 0, "status": "Yet to bat", "Balls_Faced": 0, "four": 0, "six": 0, "runs_conceded": 0, "wicket": 0, "over": "0.0", "over1": "0.0", "Economy": "0.0", "SR": "0.00"}}, {"model": "blogs.player_match", "pk": 501, "fields": {"bat_position": 50, "Match": 73, "Name": 15, "Runs": 0, "status": "Yet to bat", "Balls_Faced": 0, "four": 0, "six": 0, "runs_conceded": 0, "wicket": 0, "over": "0.0", "over1": "0.0", "Economy": "0.0", "SR": "0.00"}}, {"model": "blogs.player_match", "pk": 502, "fields": {"bat_position": 50, "Match": 73, "Name": 19, "Runs": 0, "status": "Yet to bat", "Balls_Faced": 0, "four": 0, "six": 0, "runs_conceded": 0, "wicket": 0, "over": "0.0", "over1": "0.0", "Economy": "0.0", "SR": "0.00"}}, {"model": "blogs.player_match", "pk": 503, "fields": {"bat_position": 50, "Match": 73, "Name": 16, "Runs": 0, "status": "Yet to bat", "Balls_Faced": 0, "four": 0, "six": 0, "runs_conceded": 0, "wicket": 0, "over": "0.0", "over1": "0.0", "Economy": "0.0", "SR": "0.00"}}, {"model": "blogs.player_match", "pk": 504, "fields": {"bat_position": 50, "Match": 73, "Name": 20, "Runs": 0, "status": "Yet to bat", "Balls_Faced": 0, "four": 0, "six": 0, "runs_conceded": 0, "wicket": 0, "over": "0.0", "over1": "0.0", "Economy": "0.0", "SR": "0.00"}}, {"model": "blogs.player_match", "pk": 505, "fields": {"bat_position": 50, "Match": 73, "Name": 17, "Runs": 0, "status": "Yet to bat", "Balls_Faced": 0, "four": 0, "six": 0, "runs_conceded": 0, "wicket": 0, "over": "0.0", "over1": "0.0", "Economy": "0.0", "SR": "0.00"}}, {"model": "admin.logentry", "pk": 1, "fields": {"action_time": "2021-12-19T12:48:04.239Z", "user": 1, "content_type": 1, "object_id": "1", "object_repr": "Cricket West Indies sacks Roger Harper-led selection panel", "action_flag": 1, "change_message": "[{\"added\": {}}]"}}, {"model": "admin.logentry", "pk": 2, "fields": {"action_time": "2021-12-24T08:03:01.372Z", "user": 1, "content_type": 1, "object_id": "1", "object_repr": "Cricket West Indies sacks Roger Harper-led selection panel", "action_flag": 3, "change_message": ""}}, {"model": "admin.logentry", "pk": 3, "fields": {"action_time": "2021-12-24T10:13:06.248Z", "user": 1, "content_type": 1, "object_id": "2", "object_repr": "Cricket West Indies sacks Roger Harper-led selection panel", "action_flag": 2, "change_message": "[{\"changed\": {\"fields\": [\"Image\"]}}]"}}, {"model": "admin.logentry", "pk": 4, "fields": {"action_time": "2021-12-24T10:31:22.075Z", "user": 1, "content_type": 1, "object_id": "6", "object_repr": "Cricket West Indies sacks Roger Harper-led selection panel", "action_flag": 3, "change_message": ""}}, {"model": "admin.logentry", "pk": 5, "fields": {"action_time": "2021-12-24T10:31:22.077Z", "user": 1, "content_type": 1, "object_id": "5", "object_repr": "Cricket West Indies sacks Roger Harper-led selection panel", "action_flag": 3, "change_message": ""}}, {"model": "admin.logentry", "pk": 6, "fields": {"action_time": "2021-12-24T10:31:22.077Z", "user": 1, "content_type": 1, "object_id": "4", "object_repr": "Cricket West Indies sacks Roger Harper-led selection panel", "action_flag": 3, "change_message": ""}}, {"model": "admin.logentry", "pk": 7, "fields": {"action_time": "2021-12-24T10:31:22.078Z", "user": 1, "content_type": 1, "object_id": "3", "object_repr": "Cricket West Indies sacks Roger Harper-led selection panel", "action_flag": 3, "change_message": ""}}, {"model": "admin.logentry", "pk": 8, "fields": {"action_time": "2021-12-24T10:31:22.079Z", "user": 1, "content_type": 1, "object_id": "2", "object_repr": "Cricket West Indies sacks Roger Harper-led selection panel", "action_flag": 3, "change_message": ""}}, {"model": "admin.logentry", "pk": 9, "fields": {"action_time": "2021-12-24T10:31:43.069Z", "user": 1, "content_type": 1, "object_id": "7", "object_repr": "Cricket West Indies sacks Roger Harper-led selection panel", "action_flag": 2, "change_message": "[{\"changed\": {\"fields\": [\"Image\"]}}]"}}, {"model": "admin.logentry", "pk": 10, "fields": {"action_time": "2021-12-24T10:31:46.541Z", "user": 1, "content_type": 1, "object_id": "7", "object_repr": "Cricket West Indies sacks Roger Harper-led selection panel", "action_flag": 2, "change_message": "[]"}}, {"model": "admin.logentry", "pk": 11, "fields": {"action_time": "2021-12-24T10:31:51.026Z", "user": 1, "content_type": 1, "object_id": "7", "object_repr": "Cricket West Indies sacks Roger Harper-led selection panel", "action_flag": 3, "change_message": ""}}, {"model": "admin.logentry", "pk": 12, "fields": {"action_time": "2021-12-24T10:32:33.844Z", "user": 1, "content_type": 1, "object_id": "8", "object_repr": "Cricket West Indies sacks Roger Harper-led selection panel", "action_flag": 3, "change_message": ""}}, {"model": "admin.logentry", "pk": 13, "fields": {"action_time": "2021-12-24T10:32:38.729Z", "user": 1, "content_type": 1, "object_id": "9", "object_repr": "Cricket West Indies sacks Roger Harper-led selection panel", "action_flag": 2, "change_message": "[{\"changed\": {\"fields\": [\"Image\"]}}]"}}, {"model": "admin.logentry", "pk": 14, "fields": {"action_time": "2021-12-24T14:33:19.304Z", "user": 1, "content_type": 1, "object_id": "13", "object_repr": "Cricket West Indies sacks Roger Harper-led selection panel", "action_flag": 2, "change_message": "[{\"changed\": {\"fields\": [\"Image\"]}}]"}}, {"model": "admin.logentry", "pk": 15, "fields": {"action_time": "2021-12-25T03:56:42.405Z", "user": 1, "content_type": 8, "object_id": "1", "object_repr": "India", "action_flag": 3, "change_message": ""}}, {"model": "admin.logentry", "pk": 16, "fields": {"action_time": "2021-12-25T04:07:28.945Z", "user": 1, "content_type": 9, "object_id": "7", "object_repr": "", "action_flag": 3, "change_message": ""}}, {"model": "admin.logentry", "pk": 17, "fields": {"action_time": "2021-12-25T04:07:28.946Z", "user": 1, "content_type": 9, "object_id": "6", "object_repr": "", "action_flag": 3, "change_message": ""}}, {"model": "admin.logentry", "pk": 18, "fields": {"action_time": "2021-12-25T04:24:09.071Z", "user": 1, "content_type": 9, "object_id": "14", "object_repr": "M. Shami", "action_flag": 2, "change_message": "[{\"changed\": {\"fields\": [\"BBI\", \"BBM\", \"Teams played\", \"Icc batting\"]}}]"}}, {"model": "admin.logentry", "pk": 19, "fields": {"action_time": "2021-12-25T04:25:35.451Z", "user": 1, "content_type": 9, "object_id": "12", "object_repr": "Rahul Chahar", "action_flag": 2, "change_message": "[{\"changed\": {\"fields\": [\"BBI\", \"BBM\", \"Teams played\", \"Icc bowling\"]}}]"}}, {"model": "admin.logentry", "pk": 20, "fields": {"action_time": "2021-12-25T04:40:00.703Z", "user": 1, "content_type": 9, "object_id": "17", "object_repr": "Eoin Morgan", "action_flag": 2, "change_message": "[{\"changed\": {\"fields\": [\"BBI\", \"BBM\", \"Teams played\", \"Icc bowling\", \"Icc batting\"]}}]"}}, {"model": "admin.logentry", "pk": 21, "fields": {"action_time": "2021-12-25T08:39:19.457Z", "user": 1, "content_type": 10, "object_id": "1", "object_repr": "ChessBoard object (1)", "action_flag": 1, "change_message": "[{\"added\": {}}]"}}, {"model": "admin.logentry", "pk": 22, "fields": {"action_time": "2021-12-25T08:39:27.348Z", "user": 1, "content_type": 10, "object_id": "1", "object_repr": "ChessBoard object (1)", "action_flag": 2, "change_message": "[{\"changed\": {\"fields\": [\"Board\"]}}]"}}, {"model": "admin.logentry", "pk": 23, "fields": {"action_time": "2021-12-25T08:39:37.601Z", "user": 1, "content_type": 10, "object_id": "1", "object_repr": "ChessBoard object (1)", "action_flag": 2, "change_message": "[{\"changed\": {\"fields\": [\"Board\"]}}]"}}, {"model": "admin.logentry", "pk": 24, "fields": {"action_time": "2021-12-25T08:40:18.672Z", "user": 1, "content_type": 10, "object_id": "1", "object_repr": "ChessBoard object (1)", "action_flag": 2, "change_message": "[]"}}, {"model": "admin.logentry", "pk": 25, "fields": {"action_time": "2021-12-25T14:15:42.041Z", "user": 1, "content_type": 11, "object_id": "17", "object_repr": "Match object (17)", "action_flag": 3, "change_message": ""}}, {"model": "admin.logentry", "pk": 26, "fields": {"action_time": "2021-12-25T16:25:32.135Z", "user": 1, "content_type": 11, "object_id": "18", "object_repr": "Match object (18)", "action_flag": 3, "change_message": ""}}, {"model": "admin.logentry", "pk": 27, "fields": {"action_time": "2021-12-26T01:48:46.294Z", "user": 1, "content_type": 1, "object_id": "14", "object_repr": "Ray Illingworth passes away aged 89", "action_flag": 3, "change_message": ""}}, {"model": "admin.logentry", "pk": 28, "fields": {"action_time": "2021-12-26T01:48:46.301Z", "user": 1, "content_type": 1, "object_id": "13", "object_repr": "Cricket West Indies sacks Roger Harper-led selection panel", "action_flag": 3, "change_message": ""}}, {"model": "admin.logentry", "pk": 29, "fields": {"action_time": "2021-12-26T01:48:46.302Z", "user": 1, "content_type": 1, "object_id": "12", "object_repr": "Cricket West Indies sacks Roger Harper-led selection panel", "action_flag": 3, "change_message": ""}}, {"model": "admin.logentry", "pk": 30, "fields": {"action_time": "2021-12-26T01:48:46.303Z", "user": 1, "content_type": 1, "object_id": "11", "object_repr": "Cricket West Indies sacks Roger Harper-led selection panel", "action_flag": 3, "change_message": ""}}, {"model": "admin.logentry", "pk": 31, "fields": {"action_time": "2021-12-26T01:48:46.304Z", "user": 1, "content_type": 1, "object_id": "10", "object_repr": "'You have been a great team man, playing with all your heart'", "action_flag": 3, "change_message": ""}}, {"model": "admin.logentry", "pk": 32, "fields": {"action_time": "2021-12-26T01:48:46.305Z", "user": 1, "content_type": 1, "object_id": "9", "object_repr": "Cricket West Indies sacks Roger Harper-led selection panel", "action_flag": 3, "change_message": ""}}, {"model": "admin.logentry", "pk": 33, "fields": {"action_time": "2021-12-26T02:02:15.607Z", "user": 1, "content_type": 1, "object_id": "15", "object_repr": "First USA-Ireland ODI cancelled after COVID case", "action_flag": 2, "change_message": "[{\"changed\": {\"fields\": [\"Image\"]}}]"}}, {"model": "admin.logentry", "pk": 34, "fields": {"action_time": "2021-12-26T02:02:21.493Z", "user": 1, "content_type": 1, "object_id": "18", "object_repr": "Failures of the past motivation to do better, says KL Rahul", "action_flag": 2, "change_message": "[{\"changed\": {\"fields\": [\"Image\"]}}]"}}, {"model": "admin.logentry", "pk": 35, "fields": {"action_time": "2021-12-26T02:02:26.740Z", "user": 1, "content_type": 1, "object_id": "16", "object_repr": "'You have been a great team man, playing with all your heart'", "action_flag": 2, "change_message": "[{\"changed\": {\"fields\": [\"Image\"]}}]"}}, {"model": "admin.logentry", "pk": 36, "fields": {"action_time": "2021-12-26T02:02:36.021Z", "user": 1, "content_type": 1, "object_id": "17", "object_repr": "Shadab Khan signs with Sydney Sixers for remainder of BBL 2021-22", "action_flag": 2, "change_message": "[{\"changed\": {\"fields\": [\"Image\"]}}]"}}, {"model": "admin.logentry", "pk": 37, "fields": {"action_time": "2021-12-26T02:36:50.095Z", "user": 1, "content_type": 1, "object_id": "15", "object_repr": "First USA-Ireland ODI cancelled after COVID case", "action_flag": 2, "change_message": "[{\"changed\": {\"fields\": [\"Text\"]}}]"}}, {"model": "admin.logentry", "pk": 38, "fields": {"action_time": "2021-12-26T02:36:55.543Z", "user": 1, "content_type": 1, "object_id": "18", "object_repr": "Failures of the past motivation to do better, says KL Rahul", "action_flag": 2, "change_message": "[{\"changed\": {\"fields\": [\"Text\"]}}]"}}, {"model": "admin.logentry", "pk": 39, "fields": {"action_time": "2021-12-26T02:37:02.622Z", "user": 1, "content_type": 1, "object_id": "16", "object_repr": "'You have been a great team man, playing with all your heart'", "action_flag": 2, "change_message": "[{\"changed\": {\"fields\": [\"Text\"]}}]"}}, {"model": "admin.logentry", "pk": 40, "fields": {"action_time": "2021-12-26T02:37:09.825Z", "user": 1, "content_type": 1, "object_id": "17", "object_repr": "Shadab Khan signs with Sydney Sixers for remainder of BBL 2021-22", "action_flag": 2, "change_message": "[{\"changed\": {\"fields\": [\"Text\"]}}]"}}, {"model": "admin.logentry", "pk": 41, "fields": {"action_time": "2021-12-26T02:48:49.612Z", "user": 1, "content_type": 1, "object_id": "19", "object_repr": "Ray Illingworth passes away aged 89", "action_flag": 3, "change_message": ""}}, {"model": "admin.logentry", "pk": 42, "fields": {"action_time": "2021-12-26T03:06:50.219Z", "user": 1, "content_type": 1, "object_id": "20", "object_repr": "Cricket West Indies sacks Roger Harper-led selection panel", "action_flag": 3, "change_message": ""}}, {"model": "admin.logentry", "pk": 43, "fields": {"action_time": "2021-12-26T12:27:19.413Z", "user": 1, "content_type": 11, "object_id": "20", "object_repr": "Match object (20)", "action_flag": 3, "change_message": ""}}, {"model": "admin.logentry", "pk": 44, "fields": {"action_time": "2021-12-26T12:27:19.413Z", "user": 1, "content_type": 11, "object_id": "19", "object_repr": "Match object (19)", "action_flag": 3, "change_message": ""}}, {"model": "admin.logentry", "pk": 45, "fields": {"action_time": "2021-12-26T13:12:57.458Z", "user": 1, "content_type": 1, "object_id": "21", "object_repr": "Ashwin on selectors' radar for South Africa ODIs", "action_flag": 2, "change_message": "[{\"changed\": {\"fields\": [\"Text\", \"Image\"]}}]"}}, {"model": "admin.logentry", "pk": 46, "fields": {"action_time": "2021-12-26T13:13:22.423Z", "user": 1, "content_type": 1, "object_id": "21", "object_repr": "Ashwin on selectors' radar for South Africa ODIs", "action_flag": 3, "change_message": ""}}, {"model": "admin.logentry", "pk": 47, "fields": {"action_time": "2021-12-26T13:14:48.305Z", "user": 1, "content_type": 1, "object_id": "22", "object_repr": "Herath joins Bangladesh team after 14-day quarantine", "action_flag": 2, "change_message": "[{\"changed\": {\"fields\": [\"Image\"]}}]"}}, {"model": "admin.logentry", "pk": 48, "fields": {"action_time": "2021-12-26T14:15:06.428Z", "user": 1, "content_type": 9, "object_id": "21", "object_repr": "Tyan Mils", "action_flag": 2, "change_message": "[{\"changed\": {\"fields\": [\"BBI\", \"BBM\"]}}]"}}, {"model": "admin.logentry", "pk": 49, "fields": {"action_time": "2021-12-26T14:15:11.967Z", "user": 1, "content_type": 9, "object_id": "20", "object_repr": "Adil Rashid", "action_flag": 2, "change_message": "[{\"changed\": {\"fields\": [\"BBI\", \"BBM\"]}}]"}}, {"model": "admin.logentry", "pk": 50, "fields": {"action_time": "2021-12-26T14:15:18.367Z", "user": 1, "content_type": 9, "object_id": "19", "object_repr": "Jofra Archer", "action_flag": 2, "change_message": "[{\"changed\": {\"fields\": [\"BBI\", \"BBM\"]}}]"}}, {"model": "admin.logentry", "pk": 51, "fields": {"action_time": "2021-12-26T14:15:27.273Z", "user": 1, "content_type": 9, "object_id": "18", "object_repr": "Stokes", "action_flag": 2, "change_message": "[{\"changed\": {\"fields\": [\"BBI\", \"BBM\"]}}]"}}, {"model": "admin.logentry", "pk": 52, "fields": {"action_time": "2021-12-26T14:15:44.107Z", "user": 1, "content_type": 9, "object_id": "16", "object_repr": "Jos Buttler", "action_flag": 2, "change_message": "[{\"changed\": {\"fields\": [\"BBI\", \"BBM\"]}}]"}}, {"model": "admin.logentry", "pk": 53, "fields": {"action_time": "2021-12-26T14:15:54.291Z", "user": 1, "content_type": 9, "object_id": "15", "object_repr": "Jos Buttler", "action_flag": 2, "change_message": "[{\"changed\": {\"fields\": [\"BBI\", \"BBM\"]}}]"}}, {"model": "admin.logentry", "pk": 54, "fields": {"action_time": "2021-12-26T14:16:32.784Z", "user": 1, "content_type": 9, "object_id": "15", "object_repr": "Jos Bairostrow", "action_flag": 2, "change_message": "[{\"changed\": {\"fields\": [\"Name\"]}}]"}}, {"model": "admin.logentry", "pk": 55, "fields": {"action_time": "2021-12-26T14:16:47Z", "user": 1, "content_type": 9, "object_id": "14", "object_repr": "M. Shami", "action_flag": 2, "change_message": "[{\"changed\": {\"fields\": [\"BBI\", \"BBM\"]}}]"}}, {"model": "admin.logentry", "pk": 56, "fields": {"action_time": "2021-12-26T14:16:55.164Z", "user": 1, "content_type": 9, "object_id": "13", "object_repr": "Jasprit Bumrah", "action_flag": 2, "change_message": "[{\"changed\": {\"fields\": [\"BBI\", \"BBM\"]}}]"}}, {"model": "admin.logentry", "pk": 57, "fields": {"action_time": "2021-12-26T14:17:07.021Z", "user": 1, "content_type": 9, "object_id": "12", "object_repr": "Rahul Chahar", "action_flag": 2, "change_message": "[{\"changed\": {\"fields\": [\"BBI\", \"BBM\"]}}]"}}, {"model": "admin.logentry", "pk": 58, "fields": {"action_time": "2021-12-26T14:17:18.707Z", "user": 1, "content_type": 9, "object_id": "11", "object_repr": "Hardik Pandya", "action_flag": 2, "change_message": "[{\"changed\": {\"fields\": [\"BBI\", \"BBM\"]}}]"}}, {"model": "admin.logentry", "pk": 59, "fields": {"action_time": "2021-12-26T14:17:27.287Z", "user": 1, "content_type": 9, "object_id": "10", "object_repr": "K L Rahul", "action_flag": 2, "change_message": "[{\"changed\": {\"fields\": [\"BBI\", \"BBM\"]}}]"}}, {"model": "admin.logentry", "pk": 60, "fields": {"action_time": "2021-12-26T14:17:34.044Z", "user": 1, "content_type": 9, "object_id": "9", "object_repr": "Rohit Sharma", "action_flag": 2, "change_message": "[{\"changed\": {\"fields\": [\"BBI\", \"BBM\"]}}]"}}, {"model": "admin.logentry", "pk": 61, "fields": {"action_time": "2021-12-26T14:17:39.606Z", "user": 1, "content_type": 9, "object_id": "8", "object_repr": "Virat Kohli", "action_flag": 2, "change_message": "[{\"changed\": {\"fields\": [\"BBI\", \"BBM\"]}}]"}}, {"model": "admin.logentry", "pk": 62, "fields": {"action_time": "2021-12-26T14:17:43.788Z", "user": 1, "content_type": 9, "object_id": "9", "object_repr": "Rohit Sharma", "action_flag": 2, "change_message": "[]"}}, {"model": "admin.logentry", "pk": 63, "fields": {"action_time": "2021-12-27T06:11:58.661Z", "user": 1, "content_type": 12, "object_id": "1", "object_repr": "Run object (1)", "action_flag": 1, "change_message": "[{\"added\": {}}]"}}, {"model": "admin.logentry", "pk": 64, "fields": {"action_time": "2021-12-27T06:11:58.781Z", "user": 1, "content_type": 12, "object_id": "2", "object_repr": "Run object (2)", "action_flag": 1, "change_message": "[{\"added\": {}}]"}}, {"model": "admin.logentry", "pk": 65, "fields": {"action_time": "2021-12-27T06:12:07.686Z", "user": 1, "content_type": 12, "object_id": "1", "object_repr": "Run object (1)", "action_flag": 3, "change_message": ""}}, {"model": "admin.logentry", "pk": 66, "fields": {"action_time": "2021-12-27T06:12:13.702Z", "user": 1, "content_type": 12, "object_id": "3", "object_repr": "Run object (3)", "action_flag": 1, "change_message": "[{\"added\": {}}]"}}, {"model": "admin.logentry", "pk": 67, "fields": {"action_time": "2021-12-27T06:12:20.229Z", "user": 1, "content_type": 12, "object_id": "4", "object_repr": "Run object (4)", "action_flag": 1, "change_message": "[{\"added\": {}}]"}}, {"model": "admin.logentry", "pk": 68, "fields": {"action_time": "2021-12-27T06:12:25.197Z", "user": 1, "content_type": 12, "object_id": "5", "object_repr": "Run object (5)", "action_flag": 1, "change_message": "[{\"added\": {}}]"}}, {"model": "admin.logentry", "pk": 69, "fields": {"action_time": "2021-12-27T06:12:32.331Z", "user": 1, "content_type": 12, "object_id": "6", "object_repr": "Run object (6)", "action_flag": 1, "change_message": "[{\"added\": {}}]"}}, {"model": "admin.logentry", "pk": 70, "fields": {"action_time": "2021-12-27T06:12:39.294Z", "user": 1, "content_type": 12, "object_id": "7", "object_repr": "Run object (7)", "action_flag": 1, "change_message": "[{\"added\": {}}]"}}, {"model": "admin.logentry", "pk": 71, "fields": {"action_time": "2021-12-27T06:12:50.491Z", "user": 1, "content_type": 12, "object_id": "7", "object_repr": "Run object (7)", "action_flag": 3, "change_message": ""}}, {"model": "admin.logentry", "pk": 72, "fields": {"action_time": "2021-12-27T06:12:56.025Z", "user": 1, "content_type": 12, "object_id": "8", "object_repr": "Run object (8)", "action_flag": 1, "change_message": "[{\"added\": {}}]"}}, {"model": "admin.logentry", "pk": 73, "fields": {"action_time": "2021-12-27T06:13:02.973Z", "user": 1, "content_type": 12, "object_id": "9", "object_repr": "Run object (9)", "action_flag": 1, "change_message": "[{\"added\": {}}]"}}, {"model": "admin.logentry", "pk": 74, "fields": {"action_time": "2021-12-27T06:30:57.226Z", "user": 1, "content_type": 12, "object_id": "10", "object_repr": "Dot Ball", "action_flag": 1, "change_message": "[{\"added\": {}}]"}}, {"model": "admin.logentry", "pk": 75, "fields": {"action_time": "2021-12-27T06:30:59.364Z", "user": 1, "content_type": 12, "object_id": "10", "object_repr": "Dot Ball", "action_flag": 2, "change_message": "[]"}}, {"model": "admin.logentry", "pk": 76, "fields": {"action_time": "2021-12-27T06:43:53.507Z", "user": 1, "content_type": 12, "object_id": "2", "object_repr": "1 run", "action_flag": 2, "change_message": "[{\"changed\": {\"fields\": [\"Mode\"]}}]"}}, {"model": "admin.logentry", "pk": 77, "fields": {"action_time": "2021-12-27T06:44:00.936Z", "user": 1, "content_type": 12, "object_id": "3", "object_repr": "2 runs", "action_flag": 2, "change_message": "[{\"changed\": {\"fields\": [\"Mode\"]}}]"}}, {"model": "admin.logentry", "pk": 78, "fields": {"action_time": "2021-12-27T06:44:07.673Z", "user": 1, "content_type": 12, "object_id": "4", "object_repr": "3 runs", "action_flag": 2, "change_message": "[{\"changed\": {\"fields\": [\"Mode\"]}}]"}}, {"model": "admin.logentry", "pk": 79, "fields": {"action_time": "2021-12-27T06:44:13.787Z", "user": 1, "content_type": 12, "object_id": "5", "object_repr": "4 runs", "action_flag": 2, "change_message": "[{\"changed\": {\"fields\": [\"Mode\"]}}]"}}, {"model": "admin.logentry", "pk": 80, "fields": {"action_time": "2021-12-27T10:37:29.149Z", "user": 1, "content_type": 11, "object_id": "21", "object_repr": "Match object (21)", "action_flag": 3, "change_message": ""}}, {"model": "admin.logentry", "pk": 81, "fields": {"action_time": "2021-12-27T11:44:29.341Z", "user": 1, "content_type": 11, "object_id": "22", "object_repr": "Match object (22)", "action_flag": 3, "change_message": ""}}, {"model": "admin.logentry", "pk": 82, "fields": {"action_time": "2021-12-27T11:48:37.912Z", "user": 1, "content_type": 13, "object_id": "3", "object_repr": "Ball object (3)", "action_flag": 3, "change_message": ""}}, {"model": "admin.logentry", "pk": 83, "fields": {"action_time": "2021-12-27T12:17:20.628Z", "user": 1, "content_type": 13, "object_id": "5", "object_repr": "Ball object (5)", "action_flag": 3, "change_message": ""}}, {"model": "admin.logentry", "pk": 84, "fields": {"action_time": "2021-12-27T12:17:20.637Z", "user": 1, "content_type": 13, "object_id": "4", "object_repr": "Ball object (4)", "action_flag": 3, "change_message": ""}}, {"model": "admin.logentry", "pk": 85, "fields": {"action_time": "2021-12-27T16:18:40.410Z", "user": 1, "content_type": 14, "object_id": "24", "object_repr": "player_match object (24)", "action_flag": 3, "change_message": ""}}, {"model": "admin.logentry", "pk": 86, "fields": {"action_time": "2021-12-27T16:18:40.426Z", "user": 1, "content_type": 14, "object_id": "23", "object_repr": "player_match object (23)", "action_flag": 3, "change_message": ""}}, {"model": "admin.logentry", "pk": 87, "fields": {"action_time": "2021-12-27T16:18:40.426Z", "user": 1, "content_type": 14, "object_id": "22", "object_repr": "player_match object (22)", "action_flag": 3, "change_message": ""}}, {"model": "admin.logentry", "pk": 88, "fields": {"action_time": "2021-12-27T16:18:40.434Z", "user": 1, "content_type": 14, "object_id": "21", "object_repr": "player_match object (21)", "action_flag": 3, "change_message": ""}}, {"model": "admin.logentry", "pk": 89, "fields": {"action_time": "2021-12-27T16:18:40.434Z", "user": 1, "content_type": 14, "object_id": "20", "object_repr": "player_match object (20)", "action_flag": 3, "change_message": ""}}, {"model": "admin.logentry", "pk": 90, "fields": {"action_time": "2021-12-27T16:18:40.434Z", "user": 1, "content_type": 14, "object_id": "19", "object_repr": "player_match object (19)", "action_flag": 3, "change_message": ""}}, {"model": "admin.logentry", "pk": 91, "fields": {"action_time": "2021-12-27T16:18:40.434Z", "user": 1, "content_type": 14, "object_id": "18", "object_repr": "player_match object (18)", "action_flag": 3, "change_message": ""}}, {"model": "admin.logentry", "pk": 92, "fields": {"action_time": "2021-12-27T16:18:40.442Z", "user": 1, "content_type": 14, "object_id": "17", "object_repr": "player_match object (17)", "action_flag": 3, "change_message": ""}}, {"model": "admin.logentry", "pk": 93, "fields": {"action_time": "2021-12-27T16:18:40.442Z", "user": 1, "content_type": 14, "object_id": "16", "object_repr": "player_match object (16)", "action_flag": 3, "change_message": ""}}, {"model": "admin.logentry", "pk": 94, "fields": {"action_time": "2021-12-27T16:18:40.442Z", "user": 1, "content_type": 14, "object_id": "15", "object_repr": "player_match object (15)", "action_flag": 3, "change_message": ""}}, {"model": "admin.logentry", "pk": 95, "fields": {"action_time": "2021-12-27T16:18:50.784Z", "user": 1, "content_type": 11, "object_id": "23", "object_repr": "Match object (23)", "action_flag": 3, "change_message": ""}}, {"model": "admin.logentry", "pk": 96, "fields": {"action_time": "2021-12-27T16:44:11.373Z", "user": 1, "content_type": 14, "object_id": "25", "object_repr": "player_match object (25)", "action_flag": 3, "change_message": ""}}, {"model": "admin.logentry", "pk": 97, "fields": {"action_time": "2021-12-27T16:44:19.821Z", "user": 1, "content_type": 11, "object_id": "25", "object_repr": "Match object (25)", "action_flag": 3, "change_message": ""}}, {"model": "admin.logentry", "pk": 98, "fields": {"action_time": "2021-12-27T16:44:19.832Z", "user": 1, "content_type": 11, "object_id": "24", "object_repr": "Match object (24)", "action_flag": 3, "change_message": ""}}, {"model": "admin.logentry", "pk": 99, "fields": {"action_time": "2021-12-27T17:13:58.639Z", "user": 1, "content_type": 13, "object_id": "13", "object_repr": "Ball object (13)", "action_flag": 3, "change_message": ""}}, {"model": "admin.logentry", "pk": 100, "fields": {"action_time": "2021-12-27T17:13:58.641Z", "user": 1, "content_type": 13, "object_id": "12", "object_repr": "Ball object (12)", "action_flag": 3, "change_message": ""}}, {"model": "admin.logentry", "pk": 101, "fields": {"action_time": "2021-12-27T17:13:58.641Z", "user": 1, "content_type": 13, "object_id": "11", "object_repr": "Ball object (11)", "action_flag": 3, "change_message": ""}}, {"model": "admin.logentry", "pk": 102, "fields": {"action_time": "2021-12-28T03:47:24.925Z", "user": 1, "content_type": 12, "object_id": "2", "object_repr": "1 run", "action_flag": 2, "change_message": "[{\"changed\": {\"fields\": [\"Value\"]}}]"}}, {"model": "admin.logentry", "pk": 103, "fields": {"action_time": "2021-12-28T03:47:30.455Z", "user": 1, "content_type": 12, "object_id": "3", "object_repr": "2 runs", "action_flag": 2, "change_message": "[{\"changed\": {\"fields\": [\"Value\"]}}]"}}, {"model": "admin.logentry", "pk": 104, "fields": {"action_time": "2021-12-28T03:47:38.730Z", "user": 1, "content_type": 12, "object_id": "4", "object_repr": "3 runs", "action_flag": 2, "change_message": "[{\"changed\": {\"fields\": [\"Value\"]}}]"}}, {"model": "admin.logentry", "pk": 105, "fields": {"action_time": "2021-12-28T03:47:44.115Z", "user": 1, "content_type": 12, "object_id": "5", "object_repr": "4 runs", "action_flag": 2, "change_message": "[{\"changed\": {\"fields\": [\"Value\"]}}]"}}, {"model": "admin.logentry", "pk": 106, "fields": {"action_time": "2021-12-28T03:47:49.720Z", "user": 1, "content_type": 12, "object_id": "6", "object_repr": "Four", "action_flag": 2, "change_message": "[{\"changed\": {\"fields\": [\"Value\"]}}]"}}, {"model": "admin.logentry", "pk": 107, "fields": {"action_time": "2021-12-28T03:47:54.944Z", "user": 1, "content_type": 12, "object_id": "8", "object_repr": "Six", "action_flag": 2, "change_message": "[{\"changed\": {\"fields\": [\"Value\"]}}]"}}, {"model": "admin.logentry", "pk": 108, "fields": {"action_time": "2021-12-28T03:48:22.027Z", "user": 1, "content_type": 12, "object_id": "11", "object_repr": "Wide", "action_flag": 1, "change_message": "[{\"added\": {}}]"}}, {"model": "admin.logentry", "pk": 109, "fields": {"action_time": "2021-12-28T03:48:28.890Z", "user": 1, "content_type": 12, "object_id": "12", "object_repr": "No Ball", "action_flag": 1, "change_message": "[{\"added\": {}}]"}}, {"model": "admin.logentry", "pk": 110, "fields": {"action_time": "2021-12-28T03:48:36.108Z", "user": 1, "content_type": 12, "object_id": "13", "object_repr": "Byes 1", "action_flag": 1, "change_message": "[{\"added\": {}}]"}}, {"model": "admin.logentry", "pk": 111, "fields": {"action_time": "2021-12-28T03:48:44.241Z", "user": 1, "content_type": 12, "object_id": "14", "object_repr": "Byes 2", "action_flag": 1, "change_message": "[{\"added\": {}}]"}}, {"model": "admin.logentry", "pk": 112, "fields": {"action_time": "2021-12-28T03:48:49.344Z", "user": 1, "content_type": 12, "object_id": "15", "object_repr": "Byes 3", "action_flag": 1, "change_message": "[{\"added\": {}}]"}}, {"model": "admin.logentry", "pk": 113, "fields": {"action_time": "2021-12-28T03:48:56.787Z", "user": 1, "content_type": 12, "object_id": "16", "object_repr": "Byes 4", "action_flag": 1, "change_message": "[{\"added\": {}}]"}}, {"model": "admin.logentry", "pk": 114, "fields": {"action_time": "2021-12-28T03:49:02.985Z", "user": 1, "content_type": 12, "object_id": "15", "object_repr": "Byes 3", "action_flag": 2, "change_message": "[{\"changed\": {\"fields\": [\"Value\"]}}]"}}, {"model": "admin.logentry", "pk": 115, "fields": {"action_time": "2021-12-28T03:49:09.726Z", "user": 1, "content_type": 12, "object_id": "14", "object_repr": "Byes 2", "action_flag": 2, "change_message": "[{\"changed\": {\"fields\": [\"Value\"]}}]"}}, {"model": "admin.logentry", "pk": 116, "fields": {"action_time": "2021-12-28T03:49:14.027Z", "user": 1, "content_type": 12, "object_id": "13", "object_repr": "Byes 1", "action_flag": 2, "change_message": "[]"}}, {"model": "admin.logentry", "pk": 117, "fields": {"action_time": "2021-12-28T03:49:41.236Z", "user": 1, "content_type": 12, "object_id": "17", "object_repr": "Wide + 1", "action_flag": 1, "change_message": "[{\"added\": {}}]"}}, {"model": "admin.logentry", "pk": 118, "fields": {"action_time": "2021-12-28T03:49:48.764Z", "user": 1, "content_type": 12, "object_id": "18", "object_repr": "Wide + 2", "action_flag": 1, "change_message": "[{\"added\": {}}]"}}, {"model": "admin.logentry", "pk": 119, "fields": {"action_time": "2021-12-28T03:49:58.532Z", "user": 1, "content_type": 12, "object_id": "19", "object_repr": "Wide + 3", "action_flag": 1, "change_message": "[{\"added\": {}}]"}}, {"model": "admin.logentry", "pk": 120, "fields": {"action_time": "2021-12-28T03:50:07.872Z", "user": 1, "content_type": 12, "object_id": "20", "object_repr": "Wide + 4", "action_flag": 1, "change_message": "[{\"added\": {}}]"}}, {"model": "admin.logentry", "pk": 121, "fields": {"action_time": "2021-12-28T10:15:42.148Z", "user": 1, "content_type": 12, "object_id": "12", "object_repr": "No Ball + 0", "action_flag": 2, "change_message": "[{\"changed\": {\"fields\": [\"Mode\"]}}]"}}, {"model": "admin.logentry", "pk": 122, "fields": {"action_time": "2021-12-28T10:16:02.595Z", "user": 1, "content_type": 12, "object_id": "21", "object_repr": "No Ball + 1", "action_flag": 1, "change_message": "[{\"added\": {}}]"}}, {"model": "admin.logentry", "pk": 123, "fields": {"action_time": "2021-12-28T10:16:08.692Z", "user": 1, "content_type": 12, "object_id": "20", "object_repr": "Wide + 4", "action_flag": 2, "change_message": "[{\"changed\": {\"fields\": [\"Value\"]}}]"}}, {"model": "admin.logentry", "pk": 124, "fields": {"action_time": "2021-12-28T10:16:13.237Z", "user": 1, "content_type": 12, "object_id": "19", "object_repr": "Wide + 3", "action_flag": 2, "change_message": "[{\"changed\": {\"fields\": [\"Value\"]}}]"}}, {"model": "admin.logentry", "pk": 125, "fields": {"action_time": "2021-12-28T10:16:19.105Z", "user": 1, "content_type": 12, "object_id": "18", "object_repr": "Wide + 2", "action_flag": 2, "change_message": "[{\"changed\": {\"fields\": [\"Value\"]}}]"}}, {"model": "admin.logentry", "pk": 126, "fields": {"action_time": "2021-12-28T10:16:25.982Z", "user": 1, "content_type": 12, "object_id": "17", "object_repr": "Wide + 1", "action_flag": 2, "change_message": "[{\"changed\": {\"fields\": [\"Value\"]}}]"}}, {"model": "admin.logentry", "pk": 127, "fields": {"action_time": "2021-12-28T10:16:39.922Z", "user": 1, "content_type": 12, "object_id": "22", "object_repr": "Wide", "action_flag": 1, "change_message": "[{\"added\": {}}]"}}, {"model": "admin.logentry", "pk": 128, "fields": {"action_time": "2021-12-28T10:16:49.642Z", "user": 1, "content_type": 12, "object_id": "22", "object_repr": "Wide", "action_flag": 3, "change_message": ""}}, {"model": "admin.logentry", "pk": 129, "fields": {"action_time": "2021-12-28T10:16:54.406Z", "user": 1, "content_type": 12, "object_id": "11", "object_repr": "Wide", "action_flag": 2, "change_message": "[{\"changed\": {\"fields\": [\"Value\"]}}]"}}, {"model": "admin.logentry", "pk": 130, "fields": {"action_time": "2021-12-28T10:21:16.092Z", "user": 1, "content_type": 12, "object_id": "23", "object_repr": "No Ball + 2", "action_flag": 1, "change_message": "[{\"added\": {}}]"}}, {"model": "admin.logentry", "pk": 131, "fields": {"action_time": "2021-12-28T10:21:32.417Z", "user": 1, "content_type": 12, "object_id": "24", "object_repr": "No Ball + 3", "action_flag": 1, "change_message": "[{\"added\": {}}]"}}, {"model": "admin.logentry", "pk": 132, "fields": {"action_time": "2021-12-28T10:21:45.374Z", "user": 1, "content_type": 12, "object_id": "25", "object_repr": "No Ball + 4", "action_flag": 1, "change_message": "[{\"added\": {}}]"}}, {"model": "admin.logentry", "pk": 133, "fields": {"action_time": "2021-12-28T10:22:02.323Z", "user": 1, "content_type": 12, "object_id": "26", "object_repr": "No Ball + 6", "action_flag": 1, "change_message": "[{\"added\": {}}]"}}, {"model": "admin.logentry", "pk": 134, "fields": {"action_time": "2021-12-28T16:10:22.166Z", "user": 1, "content_type": 11, "object_id": "26", "object_repr": "Match object (26)", "action_flag": 3, "change_message": ""}}, {"model": "admin.logentry", "pk": 135, "fields": {"action_time": "2021-12-28T16:21:35.927Z", "user": 1, "content_type": 14, "object_id": "38", "object_repr": "player_match object (38)", "action_flag": 2, "change_message": "[{\"changed\": {\"fields\": [\"Runs\", \"Balls Faced\"]}}]"}}, {"model": "admin.logentry", "pk": 136, "fields": {"action_time": "2021-12-28T16:53:40.996Z", "user": 1, "content_type": 11, "object_id": "27", "object_repr": "Match object (27)", "action_flag": 3, "change_message": ""}}, {"model": "admin.logentry", "pk": 137, "fields": {"action_time": "2021-12-28T17:47:48.217Z", "user": 1, "content_type": 13, "object_id": "30", "object_repr": "Ball object (30)", "action_flag": 3, "change_message": ""}}, {"model": "admin.logentry", "pk": 138, "fields": {"action_time": "2021-12-28T17:47:48.219Z", "user": 1, "content_type": 13, "object_id": "29", "object_repr": "Ball object (29)", "action_flag": 3, "change_message": ""}}, {"model": "admin.logentry", "pk": 139, "fields": {"action_time": "2021-12-28T17:47:48.220Z", "user": 1, "content_type": 13, "object_id": "28", "object_repr": "Ball object (28)", "action_flag": 3, "change_message": ""}}, {"model": "admin.logentry", "pk": 140, "fields": {"action_time": "2021-12-28T17:47:48.221Z", "user": 1, "content_type": 13, "object_id": "27", "object_repr": "Ball object (27)", "action_flag": 3, "change_message": ""}}, {"model": "admin.logentry", "pk": 141, "fields": {"action_time": "2021-12-28T17:47:48.222Z", "user": 1, "content_type": 13, "object_id": "26", "object_repr": "Ball object (26)", "action_flag": 3, "change_message": ""}}, {"model": "admin.logentry", "pk": 142, "fields": {"action_time": "2021-12-28T17:47:48.223Z", "user": 1, "content_type": 13, "object_id": "25", "object_repr": "Ball object (25)", "action_flag": 3, "change_message": ""}}, {"model": "admin.logentry", "pk": 143, "fields": {"action_time": "2021-12-28T17:47:48.224Z", "user": 1, "content_type": 13, "object_id": "24", "object_repr": "Ball object (24)", "action_flag": 3, "change_message": ""}}, {"model": "admin.logentry", "pk": 144, "fields": {"action_time": "2021-12-28T17:48:43.177Z", "user": 1, "content_type": 11, "object_id": "28", "object_repr": "Match object (28)", "action_flag": 3, "change_message": ""}}, {"model": "admin.logentry", "pk": 145, "fields": {"action_time": "2021-12-29T08:06:05.822Z", "user": 1, "content_type": 9, "object_id": "8", "object_repr": "Virat Kohli", "action_flag": 2, "change_message": "[{\"changed\": {\"fields\": [\"Image\"]}}]"}}, {"model": "admin.logentry", "pk": 146, "fields": {"action_time": "2021-12-29T08:07:33.293Z", "user": 1, "content_type": 9, "object_id": "8", "object_repr": "Virat Kohli", "action_flag": 2, "change_message": "[{\"changed\": {\"fields\": [\"Image\"]}}]"}}, {"model": "admin.logentry", "pk": 147, "fields": {"action_time": "2021-12-29T08:09:11.992Z", "user": 1, "content_type": 9, "object_id": "8", "object_repr": "Virat Kohli", "action_flag": 2, "change_message": "[{\"changed\": {\"fields\": [\"Image\"]}}]"}}, {"model": "admin.logentry", "pk": 148, "fields": {"action_time": "2021-12-29T08:10:25.242Z", "user": 1, "content_type": 9, "object_id": "8", "object_repr": "Virat Kohli", "action_flag": 2, "change_message": "[{\"changed\": {\"fields\": [\"Image\"]}}]"}}, {"model": "admin.logentry", "pk": 149, "fields": {"action_time": "2021-12-30T03:21:54.228Z", "user": 1, "content_type": 11, "object_id": "29", "object_repr": "Match object (29)", "action_flag": 3, "change_message": ""}}, {"model": "admin.logentry", "pk": 150, "fields": {"action_time": "2021-12-30T04:03:52.996Z", "user": 1, "content_type": 11, "object_id": "30", "object_repr": "Match object (30)", "action_flag": 3, "change_message": ""}}, {"model": "admin.logentry", "pk": 151, "fields": {"action_time": "2021-12-30T05:17:26.570Z", "user": 1, "content_type": 13, "object_id": "96", "object_repr": "Ball object (96)", "action_flag": 3, "change_message": ""}}, {"model": "admin.logentry", "pk": 152, "fields": {"action_time": "2021-12-30T05:21:01.724Z", "user": 1, "content_type": 11, "object_id": "31", "object_repr": "Match object (31)", "action_flag": 3, "change_message": ""}}, {"model": "admin.logentry", "pk": 153, "fields": {"action_time": "2021-12-30T05:37:41.151Z", "user": 1, "content_type": 11, "object_id": "32", "object_repr": "Match object (32)", "action_flag": 3, "change_message": ""}}, {"model": "admin.logentry", "pk": 154, "fields": {"action_time": "2021-12-30T05:50:40.778Z", "user": 1, "content_type": 11, "object_id": "35", "object_repr": "Match object (35)", "action_flag": 3, "change_message": ""}}, {"model": "admin.logentry", "pk": 155, "fields": {"action_time": "2021-12-30T05:50:40.782Z", "user": 1, "content_type": 11, "object_id": "34", "object_repr": "Match object (34)", "action_flag": 3, "change_message": ""}}, {"model": "admin.logentry", "pk": 156, "fields": {"action_time": "2021-12-30T05:50:40.783Z", "user": 1, "content_type": 11, "object_id": "33", "object_repr": "Match object (33)", "action_flag": 3, "change_message": ""}}, {"model": "admin.logentry", "pk": 157, "fields": {"action_time": "2021-12-30T06:10:21.394Z", "user": 1, "content_type": 11, "object_id": "36", "object_repr": "Match object (36)", "action_flag": 3, "change_message": ""}}, {"model": "admin.logentry", "pk": 158, "fields": {"action_time": "2021-12-30T09:30:00.569Z", "user": 1, "content_type": 11, "object_id": "37", "object_repr": "Match object (37)", "action_flag": 3, "change_message": ""}}, {"model": "admin.logentry", "pk": 159, "fields": {"action_time": "2021-12-30T12:39:47.845Z", "user": 1, "content_type": 11, "object_id": "38", "object_repr": "Match object (38)", "action_flag": 3, "change_message": ""}}, {"model": "admin.logentry", "pk": 160, "fields": {"action_time": "2021-12-30T13:28:56.531Z", "user": 1, "content_type": 11, "object_id": "40", "object_repr": "Match object (40)", "action_flag": 2, "change_message": "[{\"changed\": {\"fields\": [\"Status\", \"Status2\"]}}]"}}, {"model": "admin.logentry", "pk": 161, "fields": {"action_time": "2021-12-30T13:30:08.063Z", "user": 1, "content_type": 11, "object_id": "40", "object_repr": "Match object (40)", "action_flag": 2, "change_message": "[{\"changed\": {\"fields\": [\"Status2\"]}}]"}}, {"model": "admin.logentry", "pk": 162, "fields": {"action_time": "2021-12-30T14:10:14.982Z", "user": 1, "content_type": 11, "object_id": "40", "object_repr": "Match object (40)", "action_flag": 3, "change_message": ""}}, {"model": "admin.logentry", "pk": 163, "fields": {"action_time": "2021-12-30T14:10:14.994Z", "user": 1, "content_type": 11, "object_id": "39", "object_repr": "Match object (39)", "action_flag": 3, "change_message": ""}}, {"model": "admin.logentry", "pk": 164, "fields": {"action_time": "2021-12-30T14:14:29.713Z", "user": 1, "content_type": 13, "object_id": "133", "object_repr": "Ball object (133)", "action_flag": 3, "change_message": ""}}, {"model": "admin.logentry", "pk": 165, "fields": {"action_time": "2021-12-30T14:15:32.340Z", "user": 1, "content_type": 11, "object_id": "41", "object_repr": "Match object (41)", "action_flag": 3, "change_message": ""}}, {"model": "admin.logentry", "pk": 166, "fields": {"action_time": "2021-12-30T16:14:41.276Z", "user": 1, "content_type": 11, "object_id": "42", "object_repr": "Match object (42)", "action_flag": 3, "change_message": ""}}, {"model": "admin.logentry", "pk": 167, "fields": {"action_time": "2021-12-30T16:19:45.890Z", "user": 1, "content_type": 11, "object_id": "43", "object_repr": "Match object (43)", "action_flag": 3, "change_message": ""}}, {"model": "admin.logentry", "pk": 168, "fields": {"action_time": "2021-12-30T16:24:35.967Z", "user": 1, "content_type": 11, "object_id": "44", "object_repr": "Match object (44)", "action_flag": 3, "change_message": ""}}, {"model": "admin.logentry", "pk": 169, "fields": {"action_time": "2021-12-30T16:26:02.247Z", "user": 1, "content_type": 11, "object_id": "45", "object_repr": "Match object (45)", "action_flag": 3, "change_message": ""}}, {"model": "admin.logentry", "pk": 170, "fields": {"action_time": "2021-12-30T16:29:31.667Z", "user": 1, "content_type": 11, "object_id": "46", "object_repr": "Match object (46)", "action_flag": 2, "change_message": "[{\"changed\": {\"fields\": [\"Opp one\", \"Status2\"]}}]"}}, {"model": "admin.logentry", "pk": 171, "fields": {"action_time": "2021-12-30T16:31:11.295Z", "user": 1, "content_type": 11, "object_id": "46", "object_repr": "Match object (46)", "action_flag": 3, "change_message": ""}}, {"model": "admin.logentry", "pk": 172, "fields": {"action_time": "2021-12-30T16:32:17.681Z", "user": 1, "content_type": 11, "object_id": "47", "object_repr": "Match object (47)", "action_flag": 3, "change_message": ""}}, {"model": "admin.logentry", "pk": 173, "fields": {"action_time": "2021-12-30T16:35:17.123Z", "user": 1, "content_type": 11, "object_id": "48", "object_repr": "Match object (48)", "action_flag": 3, "change_message": ""}}, {"model": "admin.logentry", "pk": 174, "fields": {"action_time": "2021-12-30T16:40:05.001Z", "user": 1, "content_type": 11, "object_id": "49", "object_repr": "Match object (49)", "action_flag": 3, "change_message": ""}}, {"model": "admin.logentry", "pk": 175, "fields": {"action_time": "2021-12-30T16:55:14.123Z", "user": 1, "content_type": 11, "object_id": "50", "object_repr": "Match object (50)", "action_flag": 3, "change_message": ""}}, {"model": "admin.logentry", "pk": 176, "fields": {"action_time": "2021-12-31T18:26:16.806Z", "user": 1, "content_type": 12, "object_id": "9", "object_repr": "Out + 0", "action_flag": 2, "change_message": "[{\"changed\": {\"fields\": [\"Mode\", \"Comm\"]}}]"}}, {"model": "admin.logentry", "pk": 177, "fields": {"action_time": "2022-01-01T04:16:13.761Z", "user": 1, "content_type": 1, "object_id": "22", "object_repr": "Herath joins Bangladesh team after 14-day quarantine", "action_flag": 3, "change_message": ""}}, {"model": "admin.logentry", "pk": 178, "fields": {"action_time": "2022-01-01T04:26:15.554Z", "user": 1, "content_type": 9, "object_id": "21", "object_repr": "Tyan Mils", "action_flag": 2, "change_message": "[{\"changed\": {\"fields\": [\"Image\"]}}]"}}, {"model": "admin.logentry", "pk": 179, "fields": {"action_time": "2022-01-01T04:30:05.961Z", "user": 1, "content_type": 9, "object_id": "13", "object_repr": "Jasprit Bumrah", "action_flag": 2, "change_message": "[{\"changed\": {\"fields\": [\"Image\"]}}]"}}, {"model": "admin.logentry", "pk": 180, "fields": {"action_time": "2022-01-01T04:30:30.771Z", "user": 1, "content_type": 9, "object_id": "14", "object_repr": "M. Shami", "action_flag": 2, "change_message": "[{\"changed\": {\"fields\": [\"Image\"]}}]"}}, {"model": "admin.logentry", "pk": 181, "fields": {"action_time": "2022-01-01T04:30:45.083Z", "user": 1, "content_type": 9, "object_id": "12", "object_repr": "Rahul Chahar", "action_flag": 2, "change_message": "[{\"changed\": {\"fields\": [\"Image\"]}}]"}}, {"model": "admin.logentry", "pk": 182, "fields": {"action_time": "2022-01-01T04:32:58.732Z", "user": 1, "content_type": 9, "object_id": "8", "object_repr": "Virat Kohli", "action_flag": 2, "change_message": "[{\"changed\": {\"fields\": [\"Image\"]}}]"}}, {"model": "admin.logentry", "pk": 183, "fields": {"action_time": "2022-01-01T04:33:08.535Z", "user": 1, "content_type": 9, "object_id": "9", "object_repr": "Rohit Sharma", "action_flag": 2, "change_message": "[{\"changed\": {\"fields\": [\"Image\"]}}]"}}, {"model": "admin.logentry", "pk": 184, "fields": {"action_time": "2022-01-01T04:33:22.091Z", "user": 1, "content_type": 9, "object_id": "10", "object_repr": "K L Rahul", "action_flag": 2, "change_message": "[{\"changed\": {\"fields\": [\"Image\"]}}]"}}, {"model": "admin.logentry", "pk": 185, "fields": {"action_time": "2022-01-01T04:33:32.357Z", "user": 1, "content_type": 9, "object_id": "11", "object_repr": "Hardik Pandya", "action_flag": 2, "change_message": "[{\"changed\": {\"fields\": [\"Image\"]}}]"}}, {"model": "admin.logentry", "pk": 186, "fields": {"action_time": "2022-01-01T04:35:08.622Z", "user": 1, "content_type": 9, "object_id": "21", "object_repr": "Tyan Mils", "action_flag": 2, "change_message": "[{\"changed\": {\"fields\": [\"Image\"]}}]"}}, {"model": "admin.logentry", "pk": 187, "fields": {"action_time": "2022-01-01T04:37:28.241Z", "user": 1, "content_type": 9, "object_id": "20", "object_repr": "Adil Rashid", "action_flag": 2, "change_message": "[{\"changed\": {\"fields\": [\"Image\"]}}]"}}, {"model": "admin.logentry", "pk": 188, "fields": {"action_time": "2022-01-01T04:37:49.436Z", "user": 1, "content_type": 9, "object_id": "19", "object_repr": "Jofra Archer", "action_flag": 2, "change_message": "[{\"changed\": {\"fields\": [\"Image\"]}}]"}}, {"model": "admin.logentry", "pk": 189, "fields": {"action_time": "2022-01-01T04:37:57.850Z", "user": 1, "content_type": 9, "object_id": "18", "object_repr": "Stokes", "action_flag": 2, "change_message": "[{\"changed\": {\"fields\": [\"Image\"]}}]"}}, {"model": "admin.logentry", "pk": 190, "fields": {"action_time": "2022-01-01T04:38:05.995Z", "user": 1, "content_type": 9, "object_id": "17", "object_repr": "Eoin Morgan", "action_flag": 2, "change_message": "[{\"changed\": {\"fields\": [\"Image\"]}}]"}}, {"model": "admin.logentry", "pk": 191, "fields": {"action_time": "2022-01-01T04:39:16.937Z", "user": 1, "content_type": 9, "object_id": "16", "object_repr": "Jos Buttler", "action_flag": 2, "change_message": "[{\"changed\": {\"fields\": [\"Image\"]}}]"}}, {"model": "admin.logentry", "pk": 192, "fields": {"action_time": "2022-01-01T04:39:50.561Z", "user": 1, "content_type": 9, "object_id": "15", "object_repr": "Jos Bairostrow", "action_flag": 2, "change_message": "[{\"changed\": {\"fields\": [\"Image\"]}}]"}}, {"model": "admin.logentry", "pk": 193, "fields": {"action_time": "2022-01-01T07:47:21.362Z", "user": 1, "content_type": 13, "object_id": "302", "object_repr": "Ball object (302)", "action_flag": 2, "change_message": "[{\"changed\": {\"fields\": [\"Match\"]}}]"}}, {"model": "admin.logentry", "pk": 194, "fields": {"action_time": "2022-05-29T16:23:44.011Z", "user": 2, "content_type": 11, "object_id": "67", "object_repr": "Match object (67)", "action_flag": 3, "change_message": ""}}, {"model": "admin.logentry", "pk": 195, "fields": {"action_time": "2022-05-29T16:23:44.019Z", "user": 2, "content_type": 11, "object_id": "66", "object_repr": "Match object (66)", "action_flag": 3, "change_message": ""}}, {"model": "admin.logentry", "pk": 196, "fields": {"action_time": "2022-05-29T16:23:44.027Z", "user": 2, "content_type": 11, "object_id": "65", "object_repr": "Match object (65)", "action_flag": 3, "change_message": ""}}, {"model": "admin.logentry", "pk": 197, "fields": {"action_time": "2022-05-29T16:23:44.027Z", "user": 2, "content_type": 11, "object_id": "64", "object_repr": "Match object (64)", "action_flag": 3, "change_message": ""}}, {"model": "admin.logentry", "pk": 198, "fields": {"action_time": "2022-05-29T16:23:44.027Z", "user": 2, "content_type": 11, "object_id": "63", "object_repr": "Match object (63)", "action_flag": 3, "change_message": ""}}, {"model": "admin.logentry", "pk": 199, "fields": {"action_time": "2022-05-29T16:23:44.035Z", "user": 2, "content_type": 11, "object_id": "62", "object_repr": "Match object (62)", "action_flag": 3, "change_message": ""}}, {"model": "admin.logentry", "pk": 200, "fields": {"action_time": "2022-05-29T16:23:44.035Z", "user": 2, "content_type": 11, "object_id": "61", "object_repr": "Match object (61)", "action_flag": 3, "change_message": ""}}, {"model": "admin.logentry", "pk": 201, "fields": {"action_time": "2022-05-29T16:23:44.035Z", "user": 2, "content_type": 11, "object_id": "60", "object_repr": "Match object (60)", "action_flag": 3, "change_message": ""}}, {"model": "admin.logentry", "pk": 202, "fields": {"action_time": "2022-05-29T16:23:44.043Z", "user": 2, "content_type": 11, "object_id": "59", "object_repr": "Match object (59)", "action_flag": 3, "change_message": ""}}, {"model": "admin.logentry", "pk": 203, "fields": {"action_time": "2022-05-29T16:23:44.043Z", "user": 2, "content_type": 11, "object_id": "58", "object_repr": "Match object (58)", "action_flag": 3, "change_message": ""}}, {"model": "admin.logentry", "pk": 204, "fields": {"action_time": "2022-05-29T16:23:44.043Z", "user": 2, "content_type": 11, "object_id": "57", "object_repr": "Match object (57)", "action_flag": 3, "change_message": ""}}, {"model": "admin.logentry", "pk": 205, "fields": {"action_time": "2022-05-29T16:23:44.043Z", "user": 2, "content_type": 11, "object_id": "56", "object_repr": "Match object (56)", "action_flag": 3, "change_message": ""}}, {"model": "admin.logentry", "pk": 206, "fields": {"action_time": "2022-05-29T16:23:44.051Z", "user": 2, "content_type": 11, "object_id": "55", "object_repr": "Match object (55)", "action_flag": 3, "change_message": ""}}, {"model": "admin.logentry", "pk": 207, "fields": {"action_time": "2022-05-29T16:23:44.051Z", "user": 2, "content_type": 11, "object_id": "54", "object_repr": "Match object (54)", "action_flag": 3, "change_message": ""}}, {"model": "admin.logentry", "pk": 208, "fields": {"action_time": "2022-05-29T16:23:44.051Z", "user": 2, "content_type": 11, "object_id": "53", "object_repr": "Match object (53)", "action_flag": 3, "change_message": ""}}, {"model": "admin.logentry", "pk": 209, "fields": {"action_time": "2022-05-29T16:23:44.059Z", "user": 2, "content_type": 11, "object_id": "52", "object_repr": "Match object (52)", "action_flag": 3, "change_message": ""}}, {"model": "admin.logentry", "pk": 210, "fields": {"action_time": "2022-05-29T16:23:44.059Z", "user": 2, "content_type": 11, "object_id": "51", "object_repr": "Match object (51)", "action_flag": 3, "change_message": ""}}, {"model": "admin.logentry", "pk": 211, "fields": {"action_time": "2022-05-30T02:22:45.637Z", "user": 2, "content_type": 13, "object_id": "351", "object_repr": "Ball object (351)", "action_flag": 3, "change_message": ""}}, {"model": "admin.logentry", "pk": 212, "fields": {"action_time": "2022-05-30T02:22:45.639Z", "user": 2, "content_type": 13, "object_id": "350", "object_repr": "Ball object (350)", "action_flag": 3, "change_message": ""}}, {"model": "admin.logentry", "pk": 213, "fields": {"action_time": "2022-05-30T02:22:45.640Z", "user": 2, "content_type": 13, "object_id": "349", "object_repr": "Ball object (349)", "action_flag": 3, "change_message": ""}}, {"model": "admin.logentry", "pk": 214, "fields": {"action_time": "2022-06-02T02:39:11.986Z", "user": 2, "content_type": 9, "object_id": "22", "object_repr": "Sanjay Gupta", "action_flag": 3, "change_message": ""}}, {"model": "admin.logentry", "pk": 215, "fields": {"action_time": "2022-06-02T02:53:31.215Z", "user": 2, "content_type": 12, "object_id": "13", "object_repr": "Byes 1 run", "action_flag": 2, "change_message": "[{\"changed\": {\"fields\": [\"Mode\", \"Comm\"]}}]"}}, {"model": "admin.logentry", "pk": 216, "fields": {"action_time": "2022-06-02T02:53:44.908Z", "user": 2, "content_type": 12, "object_id": "14", "object_repr": "Byes 2 runs", "action_flag": 2, "change_message": "[{\"changed\": {\"fields\": [\"Mode\", \"Comm\"]}}]"}}, {"model": "admin.logentry", "pk": 217, "fields": {"action_time": "2022-06-02T02:53:53.575Z", "user": 2, "content_type": 12, "object_id": "15", "object_repr": "Byes 3 runs", "action_flag": 2, "change_message": "[{\"changed\": {\"fields\": [\"Mode\", \"Comm\"]}}]"}}, {"model": "admin.logentry", "pk": 218, "fields": {"action_time": "2022-06-02T02:54:01.864Z", "user": 2, "content_type": 12, "object_id": "16", "object_repr": "Byes 4 runs", "action_flag": 2, "change_message": "[{\"changed\": {\"fields\": [\"Mode\", \"Comm\"]}}]"}}, {"model": "admin.logentry", "pk": 219, "fields": {"action_time": "2022-06-02T02:55:09.203Z", "user": 2, "content_type": 12, "object_id": "17", "object_repr": "Wide , 1 run", "action_flag": 2, "change_message": "[{\"changed\": {\"fields\": [\"Mode\", \"Comm\"]}}]"}}, {"model": "admin.logentry", "pk": 220, "fields": {"action_time": "2022-06-02T03:01:15.161Z", "user": 2, "content_type": 12, "object_id": "9", "object_repr": "OUT", "action_flag": 2, "change_message": "[{\"changed\": {\"fields\": [\"Mode\"]}}]"}}, {"model": "admin.logentry", "pk": 221, "fields": {"action_time": "2022-06-02T03:02:50.768Z", "user": 2, "content_type": 12, "object_id": "23", "object_repr": "No Ball + 2 runs", "action_flag": 2, "change_message": "[{\"changed\": {\"fields\": [\"Mode\", \"Comm\"]}}]"}}, {"model": "admin.logentry", "pk": 222, "fields": {"action_time": "2022-06-02T03:07:47.187Z", "user": 2, "content_type": 13, "object_id": "367", "object_repr": "Ball object (367)", "action_flag": 2, "change_message": "[{\"changed\": {\"fields\": [\"Over\", \"Real comm\"]}}]"}}, {"model": "admin.logentry", "pk": 223, "fields": {"action_time": "2022-06-02T03:20:11.819Z", "user": 2, "content_type": 11, "object_id": "70", "object_repr": "Match object (70)", "action_flag": 2, "change_message": "[{\"changed\": {\"fields\": [\"Status2\"]}}]"}}, {"model": "admin.logentry", "pk": 224, "fields": {"action_time": "2022-06-02T03:22:33.156Z", "user": 2, "content_type": 12, "object_id": "17", "object_repr": "Wide , 1 run", "action_flag": 2, "change_message": "[]"}}, {"model": "admin.logentry", "pk": 225, "fields": {"action_time": "2022-06-02T03:23:24.974Z", "user": 2, "content_type": 12, "object_id": "26", "object_repr": "No Ball + 6r rduns", "action_flag": 2, "change_message": "[{\"changed\": {\"fields\": [\"Mode\", \"Comm\"]}}]"}}, {"model": "admin.logentry", "pk": 226, "fields": {"action_time": "2022-06-02T03:23:36.709Z", "user": 2, "content_type": 12, "object_id": "26", "object_repr": "No Ball + 6 runs", "action_flag": 2, "change_message": "[{\"changed\": {\"fields\": [\"Mode\"]}}]"}}, {"model": "admin.logentry", "pk": 227, "fields": {"action_time": "2022-06-02T03:23:44.143Z", "user": 2, "content_type": 12, "object_id": "25", "object_repr": "No Ball + 4 runs", "action_flag": 2, "change_message": "[{\"changed\": {\"fields\": [\"Mode\", \"Comm\"]}}]"}}, {"model": "admin.logentry", "pk": 228, "fields": {"action_time": "2022-06-02T03:23:51.047Z", "user": 2, "content_type": 12, "object_id": "24", "object_repr": "No Ball + 3 runs", "action_flag": 2, "change_message": "[{\"changed\": {\"fields\": [\"Mode\", \"Comm\"]}}]"}}, {"model": "admin.logentry", "pk": 229, "fields": {"action_time": "2022-06-02T03:23:58.679Z", "user": 2, "content_type": 12, "object_id": "21", "object_repr": "No Ball + 1 run", "action_flag": 2, "change_message": "[{\"changed\": {\"fields\": [\"Mode\", \"Comm\"]}}]"}}, {"model": "admin.logentry", "pk": 230, "fields": {"action_time": "2022-06-02T03:24:11.057Z", "user": 2, "content_type": 12, "object_id": "20", "object_repr": "Wide , 4 runs", "action_flag": 2, "change_message": "[{\"changed\": {\"fields\": [\"Mode\", \"Comm\"]}}]"}}, {"model": "admin.logentry", "pk": 231, "fields": {"action_time": "2022-06-02T03:24:18.569Z", "user": 2, "content_type": 12, "object_id": "26", "object_repr": "No Ball , 6 runs", "action_flag": 2, "change_message": "[{\"changed\": {\"fields\": [\"Mode\"]}}]"}}, {"model": "admin.logentry", "pk": 232, "fields": {"action_time": "2022-06-02T03:24:22.754Z", "user": 2, "content_type": 12, "object_id": "25", "object_repr": "No Ball , 4 runs", "action_flag": 2, "change_message": "[{\"changed\": {\"fields\": [\"Mode\"]}}]"}}, {"model": "admin.logentry", "pk": 233, "fields": {"action_time": "2022-06-02T03:24:26.856Z", "user": 2, "content_type": 12, "object_id": "24", "object_repr": "No Ball , 3 runs", "action_flag": 2, "change_message": "[{\"changed\": {\"fields\": [\"Mode\"]}}]"}}, {"model": "admin.logentry", "pk": 234, "fields": {"action_time": "2022-06-02T03:24:36.097Z", "user": 2, "content_type": 12, "object_id": "23", "object_repr": "No Ball , 2 runs", "action_flag": 2, "change_message": "[{\"changed\": {\"fields\": [\"Mode\"]}}]"}}, {"model": "admin.logentry", "pk": 235, "fields": {"action_time": "2022-06-02T03:24:57.135Z", "user": 2, "content_type": 12, "object_id": "18", "object_repr": "Wide , 2 runs", "action_flag": 2, "change_message": "[{\"changed\": {\"fields\": [\"Mode\", \"Comm\"]}}]"}}, {"model": "admin.logentry", "pk": 236, "fields": {"action_time": "2022-06-02T03:25:34.880Z", "user": 2, "content_type": 12, "object_id": "21", "object_repr": "No Ball , 1 run", "action_flag": 2, "change_message": "[{\"changed\": {\"fields\": [\"Mode\"]}}]"}}, {"model": "admin.logentry", "pk": 237, "fields": {"action_time": "2022-06-02T03:25:45.669Z", "user": 2, "content_type": 12, "object_id": "19", "object_repr": "Wide , 3 runs", "action_flag": 2, "change_message": "[{\"changed\": {\"fields\": [\"Mode\", \"Comm\"]}}]"}}, {"model": "admin.logentry", "pk": 238, "fields": {"action_time": "2022-06-02T03:25:55.304Z", "user": 2, "content_type": 12, "object_id": "12", "object_repr": "No Ball", "action_flag": 2, "change_message": "[{\"changed\": {\"fields\": [\"Mode\", \"Comm\"]}}]"}}, {"model": "admin.logentry", "pk": 239, "fields": {"action_time": "2022-06-02T03:26:08.610Z", "user": 2, "content_type": 12, "object_id": "8", "object_repr": "SIX", "action_flag": 2, "change_message": "[{\"changed\": {\"fields\": [\"Mode\", \"Comm\"]}}]"}}, {"model": "admin.logentry", "pk": 240, "fields": {"action_time": "2022-06-02T03:26:22.117Z", "user": 2, "content_type": 12, "object_id": "6", "object_repr": "FOUR", "action_flag": 2, "change_message": "[{\"changed\": {\"fields\": [\"Mode\", \"Comm\"]}}]"}}, {"model": "admin.logentry", "pk": 241, "fields": {"action_time": "2022-06-02T03:27:07.435Z", "user": 2, "content_type": 12, "object_id": "17", "object_repr": "Wide , 1 run", "action_flag": 2, "change_message": "[]"}}, {"model": "admin.logentry", "pk": 242, "fields": {"action_time": "2022-06-02T03:47:10.862Z", "user": 2, "content_type": 13, "object_id": "372", "object_repr": "Ball object (372)", "action_flag": 3, "change_message": ""}}, {"model": "admin.logentry", "pk": 243, "fields": {"action_time": "2022-06-02T03:47:10.878Z", "user": 2, "content_type": 13, "object_id": "371", "object_repr": "Ball object (371)", "action_flag": 3, "change_message": ""}}, {"model": "admin.logentry", "pk": 244, "fields": {"action_time": "2022-06-02T03:47:57.572Z", "user": 2, "content_type": 11, "object_id": "70", "object_repr": "Match object (70)", "action_flag": 2, "change_message": "[{\"changed\": {\"fields\": [\"Opp1 overs\", \"Opp1 total runs\"]}}]"}}, {"model": "admin.logentry", "pk": 245, "fields": {"action_time": "2022-06-02T03:51:18.448Z", "user": 2, "content_type": 14, "object_id": "474", "object_repr": "player_match object (474)", "action_flag": 2, "change_message": "[{\"changed\": {\"fields\": [\"Runs conceded\", \"Over1\"]}}]"}}, {"model": "admin.logentry", "pk": 246, "fields": {"action_time": "2022-06-02T03:51:59.309Z", "user": 2, "content_type": 14, "object_id": "474", "object_repr": "player_match object (474)", "action_flag": 2, "change_message": "[{\"changed\": {\"fields\": [\"Over\"]}}]"}}, {"model": "admin.logentry", "pk": 247, "fields": {"action_time": "2022-06-02T03:53:06.018Z", "user": 2, "content_type": 14, "object_id": "467", "object_repr": "player_match object (467)", "action_flag": 2, "change_message": "[{\"changed\": {\"fields\": [\"Runs\", \"Balls Faced\"]}}]"}}, {"model": "admin.logentry", "pk": 248, "fields": {"action_time": "2022-06-02T04:03:55.638Z", "user": 2, "content_type": 14, "object_id": "474", "object_repr": "player_match object (474)", "action_flag": 2, "change_message": "[{\"changed\": {\"fields\": [\"Wicket\", \"Over\", \"Over1\"]}}]"}}, {"model": "admin.logentry", "pk": 249, "fields": {"action_time": "2022-06-02T04:04:21.716Z", "user": 2, "content_type": 14, "object_id": "470", "object_repr": "player_match object (470)", "action_flag": 2, "change_message": "[{\"changed\": {\"fields\": [\"Balls Faced\"]}}]"}}, {"model": "admin.logentry", "pk": 250, "fields": {"action_time": "2022-06-02T04:05:08.188Z", "user": 2, "content_type": 11, "object_id": "70", "object_repr": "Match object (70)", "action_flag": 2, "change_message": "[{\"changed\": {\"fields\": [\"Opp1 wicket\"]}}]"}}, {"model": "admin.logentry", "pk": 251, "fields": {"action_time": "2022-06-02T04:05:23.483Z", "user": 2, "content_type": 11, "object_id": "70", "object_repr": "Match object (70)", "action_flag": 2, "change_message": "[{\"changed\": {\"fields\": [\"Status2\"]}}]"}}, {"model": "admin.logentry", "pk": 252, "fields": {"action_time": "2022-06-02T04:05:36.176Z", "user": 2, "content_type": 13, "object_id": "377", "object_repr": "Ball object (377)", "action_flag": 3, "change_message": ""}}, {"model": "admin.logentry", "pk": 253, "fields": {"action_time": "2022-06-02T04:06:57.793Z", "user": 2, "content_type": 14, "object_id": "472", "object_repr": "player_match object (472)", "action_flag": 2, "change_message": "[{\"changed\": {\"fields\": [\"Runs conceded\"]}}]"}}, {"model": "admin.logentry", "pk": 254, "fields": {"action_time": "2022-06-02T04:09:18.436Z", "user": 2, "content_type": 13, "object_id": "380", "object_repr": "Ball object (380)", "action_flag": 3, "change_message": ""}}, {"model": "admin.logentry", "pk": 255, "fields": {"action_time": "2022-06-02T04:10:07.366Z", "user": 2, "content_type": 11, "object_id": "70", "object_repr": "Match object (70)", "action_flag": 2, "change_message": "[{\"changed\": {\"fields\": [\"Opp1 extras\", \"Opp1 overs\", \"Opp1 total runs\"]}}]"}}, {"model": "admin.logentry", "pk": 256, "fields": {"action_time": "2022-06-02T04:10:36.923Z", "user": 2, "content_type": 14, "object_id": "472", "object_repr": "player_match object (472)", "action_flag": 2, "change_message": "[{\"changed\": {\"fields\": [\"Over\", \"Over1\", \"Economy\"]}}]"}}, {"model": "admin.logentry", "pk": 257, "fields": {"action_time": "2022-06-02T04:11:09.300Z", "user": 2, "content_type": 14, "object_id": "469", "object_repr": "player_match object (469)", "action_flag": 2, "change_message": "[{\"changed\": {\"fields\": [\"Balls Faced\", \"SR\"]}}]"}}, {"model": "admin.logentry", "pk": 258, "fields": {"action_time": "2022-06-02T04:50:20.425Z", "user": 2, "content_type": 13, "object_id": "392", "object_repr": "Ball object (392)", "action_flag": 2, "change_message": "[{\"changed\": {\"fields\": [\"Real comm\"]}}]"}}, {"model": "admin.logentry", "pk": 259, "fields": {"action_time": "2022-06-02T06:03:01.769Z", "user": 2, "content_type": 1, "object_id": "23", "object_repr": "Team director backs Shakib to lead Bangladesh in Tests", "action_flag": 1, "change_message": "[{\"added\": {}}]"}}, {"model": "admin.logentry", "pk": 260, "fields": {"action_time": "2022-06-02T06:03:59.259Z", "user": 2, "content_type": 1, "object_id": "23", "object_repr": "Team director backs Shakib to lead Bangladesh in Tests", "action_flag": 3, "change_message": ""}}, {"model": "admin.logentry", "pk": 261, "fields": {"action_time": "2022-06-02T06:08:55.063Z", "user": 2, "content_type": 1, "object_id": "30", "object_repr": "BCB chief sceptical of re-appointing Shakib as Test captain", "action_flag": 2, "change_message": "[{\"changed\": {\"fields\": [\"Short text\", \"Image\", \"Time\"]}}]"}}, {"model": "admin.logentry", "pk": 262, "fields": {"action_time": "2022-06-02T06:09:15.588Z", "user": 2, "content_type": 1, "object_id": "29", "object_repr": "Australia tour of Sri Lanka to go ahead as scheduled", "action_flag": 2, "change_message": "[{\"changed\": {\"fields\": [\"Image\", \"Time\"]}}]"}}, {"model": "admin.logentry", "pk": 263, "fields": {"action_time": "2022-06-02T06:09:46.243Z", "user": 2, "content_type": 1, "object_id": "28", "object_repr": "Andrew McDonald tests positive for Covid19, stays back in Australia", "action_flag": 2, "change_message": "[{\"changed\": {\"fields\": [\"Short text\", \"Image\"]}}]"}}, {"model": "admin.logentry", "pk": 264, "fields": {"action_time": "2022-06-02T06:10:11.759Z", "user": 2, "content_type": 1, "object_id": "27", "object_repr": "Hasaranga, Rajapaksa return for Australia T20Is", "action_flag": 2, "change_message": "[{\"changed\": {\"fields\": [\"Short text\", \"Image\", \"Time\"]}}]"}}, {"model": "admin.logentry", "pk": 265, "fields": {"action_time": "2022-06-02T06:10:52.814Z", "user": 2, "content_type": 1, "object_id": "26", "object_repr": "England confirm Potts debut for Lord's Test", "action_flag": 2, "change_message": "[{\"changed\": {\"fields\": [\"Image\"]}}]"}}, {"model": "admin.logentry", "pk": 266, "fields": {"action_time": "2022-06-02T06:11:43.793Z", "user": 2, "content_type": 1, "object_id": "25", "object_repr": "CWI confirms India's US games", "action_flag": 2, "change_message": "[{\"changed\": {\"fields\": [\"Image\", \"Time\"]}}]"}}, {"model": "admin.logentry", "pk": 267, "fields": {"action_time": "2022-06-02T06:12:04.455Z", "user": 2, "content_type": 1, "object_id": "24", "object_repr": "Team director backs Shakib to lead Bangladesh in Tests", "action_flag": 2, "change_message": "[{\"changed\": {\"fields\": [\"Image\"]}}]"}}, {"model": "admin.logentry", "pk": 268, "fields": {"action_time": "2022-06-02T06:41:07.917Z", "user": 2, "content_type": 11, "object_id": "68", "object_repr": "Match object (68)", "action_flag": 3, "change_message": ""}}, {"model": "admin.logentry", "pk": 269, "fields": {"action_time": "2022-06-02T07:04:09.081Z", "user": 2, "content_type": 1, "object_id": "29", "object_repr": "Australia tour of Sri Lanka to go ahead as scheduled despite covid cases in the camp", "action_flag": 2, "change_message": "[{\"changed\": {\"fields\": [\"Heading\"]}}]"}}, {"model": "admin.logentry", "pk": 270, "fields": {"action_time": "2022-06-02T07:04:30.567Z", "user": 2, "content_type": 1, "object_id": "29", "object_repr": "Australia tour of Sri Lanka to go ahead as scheduled despite covid cases", "action_flag": 2, "change_message": "[{\"changed\": {\"fields\": [\"Heading\"]}}]"}}, {"model": "admin.logentry", "pk": 271, "fields": {"action_time": "2022-06-02T07:04:52.789Z", "user": 2, "content_type": 11, "object_id": "69", "object_repr": "Match object (69)", "action_flag": 3, "change_message": ""}}, {"model": "admin.logentry", "pk": 272, "fields": {"action_time": "2022-06-02T07:07:01.219Z", "user": 2, "content_type": 1, "object_id": "16", "object_repr": "'You have been a great team man, playing with all your heart'", "action_flag": 2, "change_message": "[{\"changed\": {\"fields\": [\"Pub date\"]}}]"}}, {"model": "admin.logentry", "pk": 273, "fields": {"action_time": "2022-06-02T07:07:36.959Z", "user": 2, "content_type": 1, "object_id": "16", "object_repr": "'You have been a great team man, playing with all your heart'", "action_flag": 3, "change_message": ""}}, {"model": "admin.logentry", "pk": 274, "fields": {"action_time": "2022-06-02T07:44:18.910Z", "user": 2, "content_type": 1, "object_id": "31", "object_repr": "5 Players Mumbai Indians (MI) Will Surely Retain For IPL 2023", "action_flag": 2, "change_message": "[{\"changed\": {\"fields\": [\"Image\", \"Time\"]}}]"}}, {"model": "admin.logentry", "pk": 275, "fields": {"action_time": "2022-06-02T08:22:20.691Z", "user": 2, "content_type": 1, "object_id": "31", "object_repr": "5 Players Mumbai Indians (MI) Will Surely Retain For IPL 2023", "action_flag": 2, "change_message": "[{\"changed\": {\"fields\": [\"Short text\"]}}]"}}, {"model": "admin.logentry", "pk": 276, "fields": {"action_time": "2022-06-02T08:22:48.831Z", "user": 2, "content_type": 1, "object_id": "31", "object_repr": "5 Players Mumbai Indians (MI) Will Surely Retain For IPL 2023", "action_flag": 2, "change_message": "[{\"changed\": {\"fields\": [\"Short text\"]}}]"}}, {"model": "admin.logentry", "pk": 277, "fields": {"action_time": "2022-06-02T08:23:36.504Z", "user": 2, "content_type": 1, "object_id": "31", "object_repr": "5 Players Mumbai Indians (MI) Will Surely Retain For IPL 2023", "action_flag": 2, "change_message": "[{\"changed\": {\"fields\": [\"Short text\"]}}]"}}, {"model": "admin.logentry", "pk": 278, "fields": {"action_time": "2022-06-02T08:24:12.299Z", "user": 2, "content_type": 1, "object_id": "31", "object_repr": "5 Players Mumbai Indians (MI) Will Surely Retain For IPL 2023", "action_flag": 2, "change_message": "[{\"changed\": {\"fields\": [\"Short text\"]}}]"}}, {"model": "admin.logentry", "pk": 279, "fields": {"action_time": "2022-06-02T12:12:24.345Z", "user": 2, "content_type": 5, "object_id": "1", "object_repr": "Shubham", "action_flag": 2, "change_message": "[{\"changed\": {\"fields\": [\"password\"]}}]"}}, {"model": "auth.user", "pk": 1, "fields": {"password": "pbkdf2_sha256$260000$A6IDQhQ7vt6xpnMJEKYW9Z$cpC47p3z8XIHQOIfp/FP36uwn8cFvu3pJ8jja/eqloA=", "last_login": "2021-12-19T12:47:48.273Z", "is_superuser": true, "username": "Shubham", "first_name": "", "last_name": "", "email": "shubham02agg@gmail.com", "is_staff": true, "is_active": true, "date_joined": "2021-12-19T12:47:16.274Z", "groups": [], "user_permissions": []}}, {"model": "auth.user", "pk": 2, "fields": {"password": "pbkdf2_sha256$260000$9MpIND3siNU0qVOe5Rxsif$aUuEk1f8BIk5GF1MrTNu19UlKI9nvpZfuFJL9rtFohE=", "last_login": "2022-05-29T16:23:20.201Z", "is_superuser": true, "username": "Shubham101", "first_name": "", "last_name": "", "email": "shubham02agg@gmail.com", "is_staff": true, "is_active": true, "date_joined": "2022-05-29T16:22:38.846Z", "groups": [], "user_permissions": []}}, {"model": "sessions.session", "pk": "9upb5gnqowmjrd19o63z6nk9c7mitds3", "fields": {"session_data": ".eJxVjDsOwjAQBe_iGll2vP5R0nMGy7vrkACypTipEHeHSCmgfTPzXiLlbZ3S1suSZhZnocXpd8NMj1J3wPdcb01Sq-syo9wVedAur43L83K4fwdT7tO3puINMLKOTENQ6NEoQ4rBWbI-AIIx4PzoDJQ8wOiVzlEFsjraQRcU7w_b5zc3:1myvbQ:lAoDANqavrLQqpx0Ng5UGVb_sY4G1lHvlhEZjDlMqQk", "expire_date": "2022-01-02T12:47:48.276Z"}}, {"model": "sessions.session", "pk": "ih8d7r10yn8yl3rhi7bx1crjzfigiw5t", "fields": {"session_data": ".eJxVjDsOwyAQBe9CHSFYvk6Z3mdACwvBSYQlY1dR7h5bcpG0b2bemwXc1hq2npcwEbsyYJffLWJ65nYAemC7zzzNbV2myA-Fn7Tzcab8up3u30HFXvdaK290FCmLQUpZLGlbbCIsBkBHq8CrGBOCJ6UduB2B8ShccSVZNAP7fAHTJDeh:1nwjge:4rFxjgOYRMIDZlxxuM-HoKRPftXI7Worj5NUeobEleo", "expire_date": "2022-06-16T12:12:24.352Z"}}]
